PROD_KEY,PROD_NAME,VOL,WGT,BRAND_NAME,STATUS_CODE,STATUS_CODE_NAME,CATEGORY_KEY,CATEGORY_NAME,SUBCATEGORY_KEY,SUBCATEGORY_NAME
657768,Product-657768,1.22,28.60,brand-14,1,active,4,category-4,1,subcategory-1
293693,Product-293693,10.54,6.29,brand-13,1,active,1,category-1,4,subcategory-4
484597,Product-484597,3.11,14.88,brand-7,1,active,1,category-1,4,subcategory-4
939925,Product-939925,16.12,0.93,brand-18,1,active,5,category-5,3,subcategory-3
234470,Product-234470,12.04,70.27,brand-7,1,active,5,category-5,1,subcategory-1
789601,Product-789601,3.92,82.56,brand-10,1,active,1,category-1,4,subcategory-4
547380,Product-547380,3.35,65.21,brand-4,1,active,1,category-1,4,subcategory-4
881139,Product-881139,2.82,81.41,brand-11,1,active,5,category-5,1,subcategory-1
321823,Product-321823,15.43,52.83,brand-8,1,active,4,category-4,3,subcategory-3
245102,Product-245102,9.14,15.71,brand-2,1,active,3,category-3,1,subcategory-1
498918,Product-498918,7.92,2.67,brand-17,1,active,1,category-1,1,subcategory-1
805629,Product-805629,0.10,5.95,brand-6,1,active,3,category-3,3,subcategory-3
709485,Product-709485,7.57,85.68,brand-15,1,active,3,category-3,2,subcategory-2
506813,Product-506813,7.13,52.42,brand-10,1,active,1,category-1,1,subcategory-1
518917,Product-518917,7.30,19.21,brand-11,1,active,1,category-1,2,subcategory-2
229356,Product-229356,3.45,33.51,brand-19,1,active,3,category-3,5,subcategory-5
497741,Product-497741,6.05,50.42,brand-13,1,active,4,category-4,1,subcategory-1
196617,Product-196617,10.42,92.00,brand-20,1,active,5,category-5,4,subcategory-4
250333,Product-250333,18.46,96.21,brand-14,1,active,1,category-1,1,subcategory-1
397917,Product-397917,15.50,71.80,brand-7,1,active,2,category-2,3,subcategory-3
774393,Product-774393,14.91,49.28,brand-1,1,active,3,category-3,2,subcategory-2
477659,Product-477659,15.92,69.69,brand-8,1,active,3,category-3,5,subcategory-5
754090,Product-754090,19.82,16.03,brand-9,1,active,5,category-5,4,subcategory-4
330371,Product-330371,16.31,21.37,brand-19,1,active,4,category-4,3,subcategory-3
1029214,Product-1029214,11.46,1.71,brand-4,1,active,2,category-2,5,subcategory-5
217058,Product-217058,11.23,67.24,brand-13,1,active,3,category-3,1,subcategory-1
955858,Product-955858,7.51,76.46,brand-19,1,active,4,category-4,2,subcategory-2
738036,Product-738036,16.67,77.72,brand-7,1,active,3,category-3,4,subcategory-4
364705,Product-364705,4.01,26.30,brand-20,1,active,3,category-3,5,subcategory-5
529361,Product-529361,19.98,51.51,brand-1,1,active,5,category-5,3,subcategory-3
781795,Product-781795,6.60,70.37,brand-8,1,active,4,category-4,1,subcategory-1
490866,Product-490866,10.57,61.12,brand-11,1,active,3,category-3,5,subcategory-5
450797,Product-450797,11.47,83.71,brand-1,1,active,4,category-4,2,subcategory-2
700324,Product-700324,3.37,16.24,brand-17,1,active,1,category-1,3,subcategory-3
114359,Product-114359,16.31,91.29,brand-8,1,active,1,category-1,2,subcategory-2
89922,Product-89922,5.68,62.19,brand-4,1,active,2,category-2,5,subcategory-5
236065,Product-236065,10.75,76.89,brand-13,1,active,1,category-1,2,subcategory-2
217285,Product-217285,8.68,97.61,brand-13,1,active,4,category-4,5,subcategory-5
899010,Product-899010,8.08,68.23,brand-13,1,active,4,category-4,5,subcategory-5
924094,Product-924094,7.11,85.87,brand-17,1,active,2,category-2,4,subcategory-4
344239,Product-344239,17.50,59.46,brand-12,1,active,1,category-1,4,subcategory-4
748546,Product-748546,0.05,80.75,brand-4,1,active,3,category-3,3,subcategory-3
259219,Product-259219,14.43,0.72,brand-8,1,active,4,category-4,5,subcategory-5
986755,Product-986755,8.40,34.05,brand-5,1,active,2,category-2,1,subcategory-1
251489,Product-251489,7.55,9.40,brand-18,1,active,2,category-2,1,subcategory-1
246671,Product-246671,19.82,74.49,brand-15,1,active,4,category-4,1,subcategory-1
793455,Product-793455,7.59,92.75,brand-14,1,active,2,category-2,5,subcategory-5
66293,Product-66293,8.71,81.20,brand-18,1,active,2,category-2,2,subcategory-2
580148,Product-580148,14.92,4.27,brand-9,1,active,4,category-4,4,subcategory-4
691869,Product-691869,18.45,10.31,brand-8,1,active,4,category-4,2,subcategory-2
275481,Product-275481,18.39,62.46,brand-16,1,active,3,category-3,1,subcategory-1
738011,Product-738011,13.84,88.70,brand-18,1,active,5,category-5,2,subcategory-2
512866,Product-512866,9.91,87.93,brand-1,1,active,1,category-1,3,subcategory-3
592978,Product-592978,5.78,46.44,brand-1,1,active,2,category-2,1,subcategory-1
500802,Product-500802,5.92,32.26,brand-15,1,active,2,category-2,2,subcategory-2
403726,Product-403726,8.84,48.17,brand-12,1,active,2,category-2,1,subcategory-1
796442,Product-796442,10.38,46.67,brand-10,1,active,1,category-1,5,subcategory-5
594736,Product-594736,6.64,79.63,brand-8,1,active,1,category-1,3,subcategory-3
414885,Product-414885,3.30,85.90,brand-6,1,active,2,category-2,1,subcategory-1
192952,Product-192952,7.80,71.54,brand-15,1,active,3,category-3,2,subcategory-2
654261,Product-654261,4.71,77.50,brand-10,1,active,1,category-1,3,subcategory-3
851117,Product-851117,16.75,41.62,brand-1,1,active,1,category-1,1,subcategory-1
564279,Product-564279,5.75,72.62,brand-10,1,active,5,category-5,1,subcategory-1
892166,Product-892166,8.91,44.82,brand-12,1,active,1,category-1,3,subcategory-3
567704,Product-567704,15.43,69.87,brand-7,1,active,4,category-4,1,subcategory-1
767830,Product-767830,9.26,68.74,brand-8,1,active,4,category-4,3,subcategory-3
238390,Product-238390,17.27,6.38,brand-6,1,active,2,category-2,4,subcategory-4
539744,Product-539744,16.35,47.53,brand-16,1,active,2,category-2,3,subcategory-3
382992,Product-382992,8.52,57.43,brand-20,1,active,3,category-3,3,subcategory-3
666242,Product-666242,11.29,49.94,brand-12,1,active,2,category-2,5,subcategory-5
988535,Product-988535,9.48,98.44,brand-7,1,active,3,category-3,1,subcategory-1
444231,Product-444231,13.74,95.80,brand-15,1,active,3,category-3,1,subcategory-1
328029,Product-328029,7.88,78.85,brand-5,1,active,4,category-4,1,subcategory-1
858029,Product-858029,15.22,20.49,brand-5,1,active,3,category-3,3,subcategory-3
335550,Product-335550,8.46,36.57,brand-6,1,active,2,category-2,2,subcategory-2
877175,Product-877175,5.41,54.76,brand-9,1,active,1,category-1,4,subcategory-4
394140,Product-394140,13.14,27.36,brand-8,1,active,2,category-2,3,subcategory-3
577469,Product-577469,14.29,20.08,brand-19,1,active,2,category-2,5,subcategory-5
925732,Product-925732,2.12,61.30,brand-5,1,active,1,category-1,2,subcategory-2
106849,Product-106849,4.28,85.35,brand-19,1,active,4,category-4,4,subcategory-4
753117,Product-753117,16.34,66.66,brand-17,1,active,3,category-3,5,subcategory-5
904387,Product-904387,0.72,14.72,brand-8,1,active,1,category-1,4,subcategory-4
586808,Product-586808,11.77,19.06,brand-12,1,active,4,category-4,2,subcategory-2
196162,Product-196162,4.05,29.40,brand-17,1,active,5,category-5,5,subcategory-5
209111,Product-209111,10.11,79.80,brand-10,1,active,4,category-4,4,subcategory-4
72479,Product-72479,2.41,79.46,brand-1,1,active,4,category-4,5,subcategory-5
332331,Product-332331,8.32,8.58,brand-15,1,active,2,category-2,1,subcategory-1
259517,Product-259517,0.79,33.23,brand-4,1,active,4,category-4,3,subcategory-3
528379,Product-528379,19.35,36.17,brand-16,1,active,2,category-2,1,subcategory-1
933326,Product-933326,7.00,12.92,brand-3,1,active,3,category-3,2,subcategory-2
529796,Product-529796,4.25,95.68,brand-11,1,active,5,category-5,1,subcategory-1
803900,Product-803900,8.63,54.98,brand-3,1,active,2,category-2,3,subcategory-3
367450,Product-367450,19.81,44.56,brand-5,1,active,2,category-2,5,subcategory-5
990658,Product-990658,13.18,8.34,brand-19,1,active,2,category-2,2,subcategory-2
771470,Product-771470,8.08,75.88,brand-14,1,active,2,category-2,1,subcategory-1
399791,Product-399791,0.32,19.61,brand-14,1,active,2,category-2,5,subcategory-5
923574,Product-923574,18.46,18.65,brand-20,1,active,1,category-1,3,subcategory-3
151557,Product-151557,19.97,43.68,brand-2,1,active,2,category-2,4,subcategory-4
258022,Product-258022,5.05,12.76,brand-6,1,active,5,category-5,3,subcategory-3
729684,Product-729684,11.21,23.65,brand-15,1,active,3,category-3,5,subcategory-5
658101,Product-658101,9.45,36.53,brand-10,1,active,5,category-5,2,subcategory-2
416583,Product-416583,12.18,31.78,brand-8,1,active,5,category-5,3,subcategory-3
847898,Product-847898,13.28,63.77,brand-9,1,active,1,category-1,1,subcategory-1
604088,Product-604088,2.15,28.84,brand-11,1,active,5,category-5,4,subcategory-4
1013737,Product-1013737,2.66,60.66,brand-12,1,active,5,category-5,5,subcategory-5
368543,Product-368543,4.41,20.07,brand-15,1,active,5,category-5,3,subcategory-3
432501,Product-432501,10.06,39.25,brand-14,1,active,3,category-3,1,subcategory-1
259382,Product-259382,11.17,99.99,brand-13,1,active,1,category-1,3,subcategory-3
463033,Product-463033,0.89,30.85,brand-18,1,active,4,category-4,5,subcategory-5
809305,Product-809305,13.57,35.14,brand-3,1,active,1,category-1,4,subcategory-4
772510,Product-772510,15.46,56.47,brand-10,1,active,1,category-1,4,subcategory-4
469515,Product-469515,12.05,16.24,brand-10,1,active,4,category-4,1,subcategory-1
373440,Product-373440,15.76,37.19,brand-2,1,active,2,category-2,2,subcategory-2
638256,Product-638256,17.42,57.83,brand-2,1,active,1,category-1,4,subcategory-4
577552,Product-577552,11.64,73.62,brand-18,1,active,4,category-4,4,subcategory-4
341229,Product-341229,13.71,61.50,brand-3,1,active,4,category-4,5,subcategory-5
234415,Product-234415,5.54,58.02,brand-6,1,active,1,category-1,5,subcategory-5
381880,Product-381880,2.96,3.22,brand-19,1,active,2,category-2,2,subcategory-2
424146,Product-424146,19.77,79.13,brand-3,1,active,4,category-4,2,subcategory-2
30902,Product-30902,2.52,61.44,brand-9,1,active,4,category-4,2,subcategory-2
210183,Product-210183,5.85,52.72,brand-4,1,active,4,category-4,2,subcategory-2
400232,Product-400232,8.34,45.68,brand-3,1,active,3,category-3,5,subcategory-5
783568,Product-783568,17.38,10.20,brand-16,1,active,2,category-2,4,subcategory-4
159149,Product-159149,1.06,9.76,brand-7,1,active,3,category-3,3,subcategory-3
635598,Product-635598,0.06,31.44,brand-3,1,active,2,category-2,5,subcategory-5
460438,Product-460438,3.50,88.57,brand-17,1,active,2,category-2,2,subcategory-2
213268,Product-213268,15.29,73.30,brand-3,1,active,4,category-4,1,subcategory-1
519606,Product-519606,1.65,78.94,brand-11,1,active,3,category-3,5,subcategory-5
840230,Product-840230,13.06,32.81,brand-7,1,active,2,category-2,4,subcategory-4
318979,Product-318979,2.18,8.28,brand-3,1,active,3,category-3,4,subcategory-4
352062,Product-352062,16.74,0.04,brand-11,1,active,2,category-2,2,subcategory-2
302517,Product-302517,13.35,76.14,brand-11,1,active,5,category-5,4,subcategory-4
375694,Product-375694,7.15,81.24,brand-12,1,active,2,category-2,2,subcategory-2
757487,Product-757487,3.48,42.82,brand-11,1,active,3,category-3,4,subcategory-4
75225,Product-75225,4.01,49.29,brand-18,1,active,3,category-3,3,subcategory-3
695818,Product-695818,10.41,74.66,brand-15,1,active,5,category-5,1,subcategory-1
494349,Product-494349,2.48,95.11,brand-11,1,active,2,category-2,2,subcategory-2
680802,Product-680802,15.50,84.45,brand-2,1,active,3,category-3,1,subcategory-1
746721,Product-746721,5.77,68.18,brand-3,1,active,1,category-1,3,subcategory-3
315990,Product-315990,19.11,80.98,brand-12,1,active,4,category-4,2,subcategory-2
417731,Product-417731,4.75,90.33,brand-8,1,active,1,category-1,4,subcategory-4
736726,Product-736726,8.51,21.51,brand-17,1,active,1,category-1,4,subcategory-4
69354,Product-69354,1.84,5.43,brand-7,1,active,3,category-3,5,subcategory-5
346719,Product-346719,2.49,25.32,brand-15,1,active,3,category-3,3,subcategory-3
954944,Product-954944,3.56,85.98,brand-14,1,active,5,category-5,2,subcategory-2
494051,Product-494051,9.73,23.89,brand-1,1,active,4,category-4,5,subcategory-5
640587,Product-640587,4.94,31.28,brand-19,1,active,3,category-3,4,subcategory-4
947521,Product-947521,7.29,51.81,brand-13,1,active,5,category-5,2,subcategory-2
175848,Product-175848,2.55,17.43,brand-2,1,active,5,category-5,2,subcategory-2
454732,Product-454732,2.81,35.09,brand-3,1,active,1,category-1,4,subcategory-4
930660,Product-930660,13.75,15.55,brand-16,1,active,3,category-3,4,subcategory-4
314991,Product-314991,12.07,76.20,brand-12,1,active,5,category-5,2,subcategory-2
861428,Product-861428,8.25,91.13,brand-18,1,active,5,category-5,2,subcategory-2
329429,Product-329429,5.80,90.73,brand-4,1,active,3,category-3,4,subcategory-4
355734,Product-355734,3.60,45.37,brand-17,1,active,2,category-2,4,subcategory-4
604082,Product-604082,13.97,12.68,brand-2,1,active,1,category-1,3,subcategory-3
1021753,Product-1021753,15.11,84.21,brand-6,1,active,3,category-3,3,subcategory-3
599985,Product-599985,1.09,19.41,brand-14,1,active,4,category-4,2,subcategory-2
961470,Product-961470,18.97,4.79,brand-16,1,active,5,category-5,2,subcategory-2
147972,Product-147972,1.18,2.07,brand-11,1,active,4,category-4,1,subcategory-1
188015,Product-188015,9.41,7.52,brand-10,1,active,4,category-4,3,subcategory-3
605916,Product-605916,1.27,7.04,brand-11,1,active,3,category-3,5,subcategory-5
656848,Product-656848,15.50,89.18,brand-2,1,active,4,category-4,5,subcategory-5
358060,Product-358060,9.07,92.17,brand-17,1,active,5,category-5,1,subcategory-1
989878,Product-989878,11.96,16.00,brand-16,1,active,1,category-1,4,subcategory-4
622603,Product-622603,5.12,73.16,brand-7,1,active,1,category-1,5,subcategory-5
641495,Product-641495,3.72,11.41,brand-11,1,active,4,category-4,3,subcategory-3
399302,Product-399302,16.51,26.44,brand-2,1,active,3,category-3,5,subcategory-5
533786,Product-533786,18.64,80.50,brand-16,1,active,1,category-1,3,subcategory-3
871664,Product-871664,11.87,82.84,brand-15,1,active,1,category-1,3,subcategory-3
640880,Product-640880,8.54,66.55,brand-1,1,active,5,category-5,4,subcategory-4
175474,Product-175474,17.54,16.81,brand-7,1,active,1,category-1,5,subcategory-5
464128,Product-464128,16.95,34.72,brand-6,1,active,5,category-5,4,subcategory-4
232452,Product-232452,1.55,14.65,brand-15,1,active,1,category-1,5,subcategory-5
364652,Product-364652,0.33,6.56,brand-3,1,active,2,category-2,5,subcategory-5
155970,Product-155970,1.81,38.58,brand-10,1,active,4,category-4,5,subcategory-5
481924,Product-481924,14.20,71.98,brand-19,1,active,4,category-4,2,subcategory-2
652699,Product-652699,14.42,45.86,brand-1,1,active,5,category-5,5,subcategory-5
643923,Product-643923,10.14,33.49,brand-3,1,active,1,category-1,1,subcategory-1
480920,Product-480920,8.07,86.06,brand-17,1,active,4,category-4,4,subcategory-4
607679,Product-607679,4.76,66.64,brand-2,1,active,4,category-4,5,subcategory-5
659453,Product-659453,6.02,98.68,brand-4,1,active,2,category-2,4,subcategory-4
428893,Product-428893,11.09,38.24,brand-13,1,active,5,category-5,4,subcategory-4
816179,Product-816179,12.09,25.12,brand-3,1,active,2,category-2,3,subcategory-3
944147,Product-944147,7.61,88.24,brand-15,1,active,2,category-2,1,subcategory-1
774939,Product-774939,12.00,13.34,brand-18,1,active,1,category-1,1,subcategory-1
993113,Product-993113,17.10,76.67,brand-4,1,active,1,category-1,2,subcategory-2
1015676,Product-1015676,7.22,38.28,brand-5,1,active,3,category-3,2,subcategory-2
189993,Product-189993,19.12,14.11,brand-14,1,active,5,category-5,2,subcategory-2
346151,Product-346151,15.77,32.64,brand-1,1,active,4,category-4,2,subcategory-2
642251,Product-642251,11.87,61.58,brand-15,1,active,3,category-3,2,subcategory-2
963970,Product-963970,0.07,53.28,brand-12,1,active,5,category-5,5,subcategory-5
186776,Product-186776,5.61,55.01,brand-5,1,active,3,category-3,2,subcategory-2
504878,Product-504878,6.15,57.45,brand-18,1,active,3,category-3,4,subcategory-4
287242,Product-287242,13.46,62.35,brand-10,1,active,2,category-2,1,subcategory-1
877669,Product-877669,15.30,36.32,brand-20,1,active,2,category-2,3,subcategory-3
207983,Product-207983,4.15,52.24,brand-14,1,active,1,category-1,5,subcategory-5
731566,Product-731566,13.32,76.07,brand-20,1,active,3,category-3,3,subcategory-3
819688,Product-819688,19.61,24.22,brand-18,1,active,3,category-3,4,subcategory-4
302731,Product-302731,0.96,37.36,brand-3,1,active,1,category-1,5,subcategory-5
436896,Product-436896,0.79,5.49,brand-20,1,active,3,category-3,1,subcategory-1
707930,Product-707930,3.40,96.81,brand-9,1,active,2,category-2,2,subcategory-2
318215,Product-318215,14.00,81.32,brand-11,1,active,5,category-5,3,subcategory-3
793081,Product-793081,16.31,38.29,brand-10,1,active,1,category-1,4,subcategory-4
364648,Product-364648,0.61,42.27,brand-6,1,active,4,category-4,3,subcategory-3
178608,Product-178608,5.37,2.51,brand-9,1,active,4,category-4,2,subcategory-2
943159,Product-943159,0.09,41.16,brand-4,1,active,3,category-3,5,subcategory-5
540260,Product-540260,4.43,22.50,brand-11,1,active,3,category-3,4,subcategory-4
835501,Product-835501,2.93,15.35,brand-3,1,active,3,category-3,3,subcategory-3
182998,Product-182998,17.55,2.63,brand-14,1,active,3,category-3,3,subcategory-3
221283,Product-221283,3.12,94.72,brand-16,1,active,1,category-1,5,subcategory-5
741640,Product-741640,9.55,90.34,brand-7,1,active,2,category-2,1,subcategory-1
456509,Product-456509,7.10,69.21,brand-5,1,active,1,category-1,4,subcategory-4
686443,Product-686443,13.07,67.88,brand-1,1,active,4,category-4,1,subcategory-1
639682,Product-639682,1.03,76.86,brand-4,1,active,4,category-4,3,subcategory-3
1000550,Product-1000550,4.38,36.87,brand-9,1,active,2,category-2,2,subcategory-2
312562,Product-312562,17.80,30.86,brand-4,1,active,3,category-3,2,subcategory-2
640076,Product-640076,17.74,18.99,brand-16,1,active,3,category-3,3,subcategory-3
846871,Product-846871,10.42,65.36,brand-20,1,active,4,category-4,4,subcategory-4
357620,Product-357620,17.69,27.47,brand-5,1,active,3,category-3,2,subcategory-2
154089,Product-154089,0.66,60.05,brand-8,1,active,2,category-2,1,subcategory-1
671340,Product-671340,6.30,95.11,brand-9,1,active,4,category-4,1,subcategory-1
736799,Product-736799,15.49,18.17,brand-3,1,active,4,category-4,2,subcategory-2
737723,Product-737723,3.75,56.38,brand-8,1,active,2,category-2,5,subcategory-5
954252,Product-954252,5.74,10.35,brand-20,1,active,2,category-2,4,subcategory-4
401585,Product-401585,5.25,70.41,brand-19,1,active,3,category-3,1,subcategory-1
841964,Product-841964,3.86,57.85,brand-9,1,active,1,category-1,4,subcategory-4
284312,Product-284312,2.74,32.46,brand-17,1,active,4,category-4,3,subcategory-3
841915,Product-841915,15.33,67.04,brand-6,1,active,1,category-1,2,subcategory-2
16735,Product-16735,15.48,60.50,brand-10,1,active,5,category-5,2,subcategory-2
947046,Product-947046,12.40,28.50,brand-8,1,active,2,category-2,3,subcategory-3
681809,Product-681809,9.79,28.75,brand-2,1,active,1,category-1,4,subcategory-4
924461,Product-924461,18.81,50.48,brand-20,1,active,4,category-4,4,subcategory-4
37996,Product-37996,12.84,73.51,brand-9,1,active,4,category-4,3,subcategory-3
299230,Product-299230,6.45,60.01,brand-4,1,active,2,category-2,3,subcategory-3
352439,Product-352439,13.63,7.75,brand-12,1,active,4,category-4,4,subcategory-4
145931,Product-145931,14.64,44.70,brand-16,1,active,2,category-2,4,subcategory-4
58607,Product-58607,19.91,78.87,brand-20,1,active,5,category-5,5,subcategory-5
778385,Product-778385,12.42,11.07,brand-13,1,active,5,category-5,1,subcategory-1
428422,Product-428422,11.37,53.18,brand-17,1,active,4,category-4,3,subcategory-3
767300,Product-767300,1.83,93.80,brand-14,1,active,5,category-5,3,subcategory-3
196600,Product-196600,7.37,62.61,brand-8,1,active,1,category-1,4,subcategory-4
560855,Product-560855,19.61,81.91,brand-15,1,active,4,category-4,4,subcategory-4
400178,Product-400178,11.40,79.94,brand-9,1,active,3,category-3,5,subcategory-5
491105,Product-491105,9.18,67.42,brand-11,1,active,4,category-4,5,subcategory-5
593570,Product-593570,9.59,21.73,brand-19,1,active,3,category-3,3,subcategory-3
95746,Product-95746,12.47,43.32,brand-12,1,active,4,category-4,3,subcategory-3
171527,Product-171527,11.79,79.19,brand-3,1,active,2,category-2,5,subcategory-5
682640,Product-682640,14.41,70.83,brand-13,1,active,1,category-1,2,subcategory-2
746518,Product-746518,10.40,4.76,brand-18,1,active,3,category-3,5,subcategory-5
730110,Product-730110,4.80,20.53,brand-15,1,active,1,category-1,1,subcategory-1
612766,Product-612766,9.02,51.67,brand-9,1,active,5,category-5,3,subcategory-3
878329,Product-878329,0.41,57.15,brand-15,1,active,4,category-4,3,subcategory-3
421568,Product-421568,9.99,69.32,brand-11,1,active,3,category-3,5,subcategory-5
570526,Product-570526,4.10,27.49,brand-13,1,active,3,category-3,5,subcategory-5
899702,Product-899702,17.06,51.86,brand-20,1,active,4,category-4,1,subcategory-1
91978,Product-91978,10.23,53.19,brand-13,1,active,3,category-3,2,subcategory-2
466225,Product-466225,9.56,30.56,brand-9,1,active,2,category-2,1,subcategory-1
704553,Product-704553,7.75,39.93,brand-8,1,active,3,category-3,4,subcategory-4
756158,Product-756158,18.35,28.15,brand-18,1,active,3,category-3,4,subcategory-4
459677,Product-459677,5.03,60.95,brand-7,1,active,4,category-4,2,subcategory-2
667910,Product-667910,8.26,8.86,brand-12,1,active,4,category-4,3,subcategory-3
751450,Product-751450,0.76,81.75,brand-3,1,active,2,category-2,4,subcategory-4
152427,Product-152427,2.00,50.12,brand-4,1,active,5,category-5,4,subcategory-4
614969,Product-614969,12.89,96.27,brand-15,1,active,5,category-5,4,subcategory-4
361951,Product-361951,11.93,88.21,brand-8,1,active,5,category-5,5,subcategory-5
481924,Product-481924,19.02,72.12,brand-14,1,active,3,category-3,5,subcategory-5
981209,Product-981209,0.07,57.60,brand-15,1,active,2,category-2,4,subcategory-4
524772,Product-524772,4.55,34.54,brand-17,1,active,3,category-3,2,subcategory-2
479067,Product-479067,6.56,48.76,brand-5,1,active,5,category-5,4,subcategory-4
736479,Product-736479,11.39,52.96,brand-17,1,active,3,category-3,2,subcategory-2
403494,Product-403494,11.31,47.37,brand-7,1,active,1,category-1,4,subcategory-4
934530,Product-934530,10.18,72.04,brand-14,1,active,4,category-4,3,subcategory-3
779048,Product-779048,12.56,56.31,brand-19,1,active,2,category-2,4,subcategory-4
50693,Product-50693,1.64,27.60,brand-19,1,active,3,category-3,3,subcategory-3
301122,Product-301122,4.55,39.42,brand-17,1,active,1,category-1,2,subcategory-2
136430,Product-136430,13.49,16.37,brand-9,1,active,4,category-4,2,subcategory-2
649343,Product-649343,7.38,62.54,brand-5,1,active,2,category-2,2,subcategory-2
743841,Product-743841,1.01,79.44,brand-2,1,active,1,category-1,4,subcategory-4
134974,Product-134974,18.21,92.71,brand-8,1,active,4,category-4,4,subcategory-4
594189,Product-594189,19.77,85.12,brand-5,1,active,5,category-5,1,subcategory-1
921326,Product-921326,7.42,6.20,brand-3,1,active,5,category-5,2,subcategory-2
893965,Product-893965,9.18,80.69,brand-11,1,active,5,category-5,2,subcategory-2
331372,Product-331372,4.60,14.86,brand-5,1,active,4,category-4,3,subcategory-3
762722,Product-762722,7.20,69.77,brand-18,1,active,3,category-3,2,subcategory-2
160678,Product-160678,11.56,31.76,brand-8,1,active,3,category-3,1,subcategory-1
490695,Product-490695,0.62,92.03,brand-19,1,active,4,category-4,1,subcategory-1
507264,Product-507264,7.97,82.90,brand-16,1,active,4,category-4,5,subcategory-5
1012355,Product-1012355,2.08,5.84,brand-8,1,active,2,category-2,3,subcategory-3
492210,Product-492210,15.74,44.73,brand-1,1,active,5,category-5,3,subcategory-3
203194,Product-203194,1.95,81.43,brand-3,1,active,5,category-5,4,subcategory-4
125839,Product-125839,5.04,6.22,brand-3,1,active,2,category-2,2,subcategory-2
360858,Product-360858,4.51,7.15,brand-3,1,active,3,category-3,2,subcategory-2
920949,Product-920949,5.54,97.93,brand-14,1,active,5,category-5,1,subcategory-1
482713,Product-482713,2.04,69.84,brand-5,1,active,4,category-4,4,subcategory-4
681369,Product-681369,0.48,41.31,brand-2,1,active,5,category-5,3,subcategory-3
56287,Product-56287,9.47,83.71,brand-2,1,active,5,category-5,5,subcategory-5
445991,Product-445991,3.50,77.60,brand-19,1,active,3,category-3,2,subcategory-2
1039462,Product-1039462,11.02,32.55,brand-3,1,active,3,category-3,5,subcategory-5
205200,Product-205200,6.14,12.70,brand-9,1,active,5,category-5,1,subcategory-1
710507,Product-710507,4.97,50.68,brand-5,1,active,2,category-2,4,subcategory-4
651577,Product-651577,15.28,90.91,brand-11,1,active,3,category-3,1,subcategory-1
392183,Product-392183,5.83,10.77,brand-18,1,active,4,category-4,3,subcategory-3
821997,Product-821997,9.26,21.81,brand-8,1,active,4,category-4,5,subcategory-5
820841,Product-820841,13.54,10.23,brand-15,1,active,4,category-4,2,subcategory-2
643318,Product-643318,5.06,71.15,brand-10,1,active,5,category-5,3,subcategory-3
322672,Product-322672,14.68,86.51,brand-12,1,active,4,category-4,4,subcategory-4
224170,Product-224170,12.95,37.60,brand-2,1,active,1,category-1,1,subcategory-1
281434,Product-281434,19.44,84.64,brand-12,1,active,4,category-4,3,subcategory-3
442073,Product-442073,8.53,26.71,brand-15,1,active,5,category-5,2,subcategory-2
677137,Product-677137,16.52,20.69,brand-4,1,active,5,category-5,3,subcategory-3
784982,Product-784982,13.96,9.19,brand-16,1,active,3,category-3,1,subcategory-1
826113,Product-826113,10.67,74.03,brand-12,1,active,1,category-1,5,subcategory-5
899480,Product-899480,17.59,45.72,brand-13,1,active,5,category-5,3,subcategory-3
73324,Product-73324,10.20,48.13,brand-2,1,active,3,category-3,3,subcategory-3
759968,Product-759968,14.78,19.10,brand-12,1,active,1,category-1,1,subcategory-1
697651,Product-697651,13.00,48.73,brand-4,1,active,5,category-5,5,subcategory-5
872912,Product-872912,19.93,61.57,brand-14,1,active,2,category-2,2,subcategory-2
1016325,Product-1016325,18.70,49.26,brand-19,1,active,5,category-5,1,subcategory-1
617337,Product-617337,4.01,4.57,brand-6,1,active,1,category-1,2,subcategory-2
386136,Product-386136,7.58,51.19,brand-20,1,active,3,category-3,1,subcategory-1
632742,Product-632742,8.80,50.95,brand-19,1,active,2,category-2,1,subcategory-1
1003701,Product-1003701,18.94,80.10,brand-17,1,active,3,category-3,1,subcategory-1
541994,Product-541994,10.11,40.38,brand-15,1,active,4,category-4,4,subcategory-4
499554,Product-499554,17.99,90.29,brand-20,1,active,3,category-3,3,subcategory-3
410461,Product-410461,10.40,33.18,brand-2,1,active,2,category-2,2,subcategory-2
328938,Product-328938,16.55,60.51,brand-16,1,active,3,category-3,3,subcategory-3
412528,Product-412528,17.63,81.46,brand-5,1,active,5,category-5,3,subcategory-3
460873,Product-460873,14.71,72.97,brand-10,1,active,3,category-3,4,subcategory-4
661590,Product-661590,4.42,48.35,brand-10,1,active,4,category-4,3,subcategory-3
593564,Product-593564,5.06,40.86,brand-11,1,active,2,category-2,4,subcategory-4
542188,Product-542188,15.27,65.44,brand-20,1,active,5,category-5,5,subcategory-5
908791,Product-908791,9.93,26.23,brand-2,1,active,1,category-1,1,subcategory-1
304170,Product-304170,11.54,23.51,brand-7,1,active,3,category-3,2,subcategory-2
246243,Product-246243,17.13,1.75,brand-18,1,active,3,category-3,2,subcategory-2
126813,Product-126813,5.66,57.44,brand-14,1,active,4,category-4,1,subcategory-1
176425,Product-176425,2.46,83.78,brand-3,1,active,2,category-2,4,subcategory-4
610002,Product-610002,7.11,3.59,brand-6,1,active,5,category-5,2,subcategory-2
116706,Product-116706,14.28,40.65,brand-3,1,active,2,category-2,1,subcategory-1
766415,Product-766415,7.59,55.83,brand-4,1,active,1,category-1,4,subcategory-4
532104,Product-532104,9.04,76.16,brand-16,1,active,3,category-3,5,subcategory-5
285119,Product-285119,12.11,58.20,brand-14,1,active,2,category-2,1,subcategory-1
482686,Product-482686,7.84,32.95,brand-14,1,active,3,category-3,1,subcategory-1
816613,Product-816613,3.39,91.18,brand-15,1,active,3,category-3,4,subcategory-4
556506,Product-556506,4.99,40.22,brand-6,1,active,4,category-4,3,subcategory-3
221926,Product-221926,5.08,4.57,brand-16,1,active,5,category-5,4,subcategory-4
678382,Product-678382,12.56,76.41,brand-9,1,active,1,category-1,2,subcategory-2
728557,Product-728557,16.86,67.05,brand-11,1,active,4,category-4,1,subcategory-1
998209,Product-998209,11.69,17.64,brand-10,1,active,3,category-3,4,subcategory-4
135665,Product-135665,18.37,48.42,brand-15,1,active,2,category-2,3,subcategory-3
931500,Product-931500,7.08,61.20,brand-20,1,active,5,category-5,4,subcategory-4
1007032,Product-1007032,2.76,73.72,brand-2,1,active,2,category-2,2,subcategory-2
592044,Product-592044,17.58,87.01,brand-14,1,active,3,category-3,4,subcategory-4
243623,Product-243623,14.73,33.11,brand-18,1,active,4,category-4,4,subcategory-4
674664,Product-674664,16.36,80.89,brand-5,1,active,5,category-5,1,subcategory-1
735275,Product-735275,17.93,92.75,brand-3,1,active,4,category-4,4,subcategory-4
896019,Product-896019,3.08,41.85,brand-3,1,active,4,category-4,5,subcategory-5
779056,Product-779056,10.88,57.10,brand-3,1,active,2,category-2,3,subcategory-3
821950,Product-821950,15.01,9.38,brand-11,1,active,4,category-4,4,subcategory-4
161487,Product-161487,10.42,9.88,brand-15,1,active,2,category-2,2,subcategory-2
686278,Product-686278,3.63,79.96,brand-4,1,active,1,category-1,3,subcategory-3
512058,Product-512058,14.94,76.36,brand-3,1,active,4,category-4,2,subcategory-2
675127,Product-675127,6.50,1.47,brand-18,1,active,5,category-5,5,subcategory-5
834531,Product-834531,9.16,41.01,brand-3,1,active,5,category-5,4,subcategory-4
174009,Product-174009,9.69,27.59,brand-7,1,active,5,category-5,4,subcategory-4
68351,Product-68351,8.14,80.63,brand-16,1,active,5,category-5,5,subcategory-5
519834,Product-519834,12.21,67.54,brand-11,1,active,3,category-3,5,subcategory-5
481236,Product-481236,13.01,4.44,brand-14,1,active,5,category-5,3,subcategory-3
403305,Product-403305,14.41,20.14,brand-17,1,active,4,category-4,2,subcategory-2
640984,Product-640984,16.63,7.63,brand-2,1,active,1,category-1,2,subcategory-2
149455,Product-149455,19.87,74.08,brand-16,1,active,2,category-2,1,subcategory-1
49841,Product-49841,3.79,91.89,brand-19,1,active,2,category-2,3,subcategory-3
731946,Product-731946,9.69,44.42,brand-1,1,active,1,category-1,3,subcategory-3
559984,Product-559984,16.10,51.47,brand-17,1,active,4,category-4,2,subcategory-2
1036156,Product-1036156,9.77,30.88,brand-20,1,active,2,category-2,4,subcategory-4
742923,Product-742923,5.90,55.03,brand-1,1,active,1,category-1,5,subcategory-5
207567,Product-207567,7.68,96.26,brand-2,1,active,5,category-5,1,subcategory-1
956439,Product-956439,2.95,82.88,brand-17,1,active,2,category-2,3,subcategory-3
430810,Product-430810,9.83,26.85,brand-10,1,active,4,category-4,2,subcategory-2
450925,Product-450925,2.22,78.09,brand-2,1,active,5,category-5,3,subcategory-3
552086,Product-552086,1.05,1.61,brand-5,1,active,2,category-2,3,subcategory-3
581893,Product-581893,17.34,11.95,brand-2,1,active,3,category-3,1,subcategory-1
735084,Product-735084,9.66,54.08,brand-7,1,active,2,category-2,2,subcategory-2
265590,Product-265590,0.46,70.42,brand-18,1,active,5,category-5,3,subcategory-3
429891,Product-429891,9.81,69.90,brand-15,1,active,4,category-4,1,subcategory-1
760319,Product-760319,13.82,42.15,brand-1,1,active,1,category-1,4,subcategory-4
408433,Product-408433,14.76,47.18,brand-16,1,active,2,category-2,3,subcategory-3
845978,Product-845978,12.75,83.26,brand-20,1,active,1,category-1,1,subcategory-1
660527,Product-660527,7.50,74.17,brand-2,1,active,1,category-1,1,subcategory-1
370731,Product-370731,11.51,40.50,brand-5,1,active,4,category-4,1,subcategory-1
134249,Product-134249,16.62,77.19,brand-4,1,active,3,category-3,4,subcategory-4
1010112,Product-1010112,5.81,2.29,brand-4,1,active,4,category-4,2,subcategory-2
924265,Product-924265,14.19,56.54,brand-9,1,active,2,category-2,5,subcategory-5
858159,Product-858159,9.43,5.22,brand-9,1,active,4,category-4,1,subcategory-1
887573,Product-887573,3.29,48.39,brand-1,1,active,4,category-4,2,subcategory-2
335488,Product-335488,14.69,9.15,brand-12,1,active,3,category-3,5,subcategory-5
884540,Product-884540,17.27,65.97,brand-19,1,active,4,category-4,3,subcategory-3
275015,Product-275015,8.94,87.15,brand-13,1,active,5,category-5,2,subcategory-2
448604,Product-448604,0.37,66.49,brand-11,1,active,1,category-1,3,subcategory-3
802904,Product-802904,8.77,43.10,brand-6,1,active,5,category-5,4,subcategory-4
789960,Product-789960,6.91,89.00,brand-19,1,active,1,category-1,2,subcategory-2
858401,Product-858401,18.32,93.42,brand-9,1,active,2,category-2,1,subcategory-1
623150,Product-623150,10.34,87.00,brand-2,1,active,2,category-2,5,subcategory-5
115110,Product-115110,9.85,67.32,brand-4,1,active,4,category-4,4,subcategory-4
743734,Product-743734,17.39,96.03,brand-10,1,active,3,category-3,3,subcategory-3
410733,Product-410733,13.47,73.08,brand-11,1,active,4,category-4,4,subcategory-4
447798,Product-447798,12.51,93.55,brand-11,1,active,1,category-1,4,subcategory-4
754038,Product-754038,5.84,51.84,brand-16,1,active,2,category-2,4,subcategory-4
552434,Product-552434,7.03,90.69,brand-2,1,active,3,category-3,4,subcategory-4
525720,Product-525720,8.88,16.78,brand-20,1,active,3,category-3,5,subcategory-5
431822,Product-431822,1.48,96.03,brand-12,1,active,3,category-3,4,subcategory-4
131291,Product-131291,0.76,50.28,brand-15,1,active,3,category-3,3,subcategory-3
594094,Product-594094,11.92,93.73,brand-17,1,active,4,category-4,5,subcategory-5
332624,Product-332624,9.12,6.66,brand-16,1,active,1,category-1,3,subcategory-3
579387,Product-579387,15.26,36.95,brand-2,1,active,4,category-4,5,subcategory-5
480064,Product-480064,19.99,98.63,brand-9,1,active,4,category-4,5,subcategory-5
91652,Product-91652,0.44,50.86,brand-16,1,active,3,category-3,3,subcategory-3
120431,Product-120431,14.13,37.93,brand-19,1,active,3,category-3,1,subcategory-1
829851,Product-829851,18.22,93.06,brand-3,1,active,4,category-4,5,subcategory-5
280185,Product-280185,1.90,81.57,brand-12,1,active,3,category-3,4,subcategory-4
670585,Product-670585,13.56,55.07,brand-15,1,active,2,category-2,5,subcategory-5
621737,Product-621737,0.48,20.81,brand-19,1,active,3,category-3,1,subcategory-1
913152,Product-913152,15.83,59.47,brand-9,1,active,4,category-4,1,subcategory-1
425256,Product-425256,19.82,7.65,brand-16,1,active,3,category-3,3,subcategory-3
345368,Product-345368,6.64,53.89,brand-6,1,active,3,category-3,2,subcategory-2
27473,Product-27473,10.32,52.08,brand-16,1,active,2,category-2,4,subcategory-4
852926,Product-852926,0.29,35.67,brand-1,1,active,5,category-5,3,subcategory-3
272273,Product-272273,8.93,43.44,brand-16,1,active,5,category-5,3,subcategory-3
302796,Product-302796,11.68,23.72,brand-11,1,active,3,category-3,5,subcategory-5
392324,Product-392324,0.23,97.13,brand-19,1,active,5,category-5,2,subcategory-2
520419,Product-520419,8.32,41.17,brand-15,1,active,3,category-3,3,subcategory-3
430772,Product-430772,13.73,39.43,brand-1,1,active,4,category-4,5,subcategory-5
210383,Product-210383,14.63,80.22,brand-4,1,active,2,category-2,2,subcategory-2
199819,Product-199819,6.23,48.41,brand-15,1,active,5,category-5,2,subcategory-2
745182,Product-745182,10.96,89.15,brand-14,1,active,4,category-4,2,subcategory-2
179381,Product-179381,12.91,31.26,brand-12,1,active,4,category-4,2,subcategory-2
1100539,Product-1100539,11.88,45.54,brand-11,1,active,2,category-2,4,subcategory-4
739811,Product-739811,4.71,38.78,brand-15,1,active,5,category-5,4,subcategory-4
980324,Product-980324,16.37,68.60,brand-5,1,active,5,category-5,5,subcategory-5
1050983,Product-1050983,15.97,65.91,brand-10,1,active,2,category-2,3,subcategory-3
299849,Product-299849,18.92,33.14,brand-6,1,active,3,category-3,2,subcategory-2
211351,Product-211351,16.73,91.92,brand-9,1,active,5,category-5,2,subcategory-2
682156,Product-682156,16.90,75.26,brand-5,1,active,5,category-5,4,subcategory-4
105932,Product-105932,7.79,28.30,brand-6,1,active,2,category-2,1,subcategory-1
286374,Product-286374,13.67,1.24,brand-4,1,active,2,category-2,5,subcategory-5
279720,Product-279720,19.10,33.50,brand-6,1,active,4,category-4,2,subcategory-2
15497,Product-15497,19.53,72.78,brand-16,1,active,1,category-1,1,subcategory-1
427305,Product-427305,3.73,2.38,brand-13,1,active,2,category-2,3,subcategory-3
835973,Product-835973,0.83,33.10,brand-3,1,active,3,category-3,1,subcategory-1
300581,Product-300581,2.89,65.76,brand-3,1,active,2,category-2,4,subcategory-4
775181,Product-775181,15.88,38.75,brand-14,1,active,2,category-2,4,subcategory-4
445951,Product-445951,5.51,79.54,brand-15,1,active,3,category-3,4,subcategory-4
918216,Product-918216,1.21,13.26,brand-20,1,active,1,category-1,4,subcategory-4
376545,Product-376545,12.01,13.04,brand-17,1,active,5,category-5,1,subcategory-1
661762,Product-661762,5.10,85.15,brand-4,1,active,5,category-5,2,subcategory-2
454214,Product-454214,4.36,17.36,brand-11,1,active,5,category-5,5,subcategory-5
719525,Product-719525,2.17,36.49,brand-1,1,active,4,category-4,2,subcategory-2
138181,Product-138181,13.04,78.51,brand-20,1,active,5,category-5,5,subcategory-5
417265,Product-417265,4.96,0.60,brand-16,1,active,4,category-4,2,subcategory-2
111176,Product-111176,8.13,42.26,brand-10,1,active,3,category-3,5,subcategory-5
192481,Product-192481,18.74,0.03,brand-17,1,active,5,category-5,1,subcategory-1
616694,Product-616694,16.84,3.80,brand-12,1,active,2,category-2,2,subcategory-2
158483,Product-158483,18.35,72.44,brand-8,1,active,4,category-4,1,subcategory-1
657927,Product-657927,16.20,20.14,brand-13,1,active,4,category-4,1,subcategory-1
505095,Product-505095,6.86,62.52,brand-16,1,active,1,category-1,2,subcategory-2
483546,Product-483546,17.60,43.45,brand-11,1,active,3,category-3,5,subcategory-5
338935,Product-338935,15.78,67.02,brand-3,1,active,4,category-4,4,subcategory-4
226162,Product-226162,8.88,18.98,brand-17,1,active,3,category-3,1,subcategory-1
271693,Product-271693,17.51,82.82,brand-3,1,active,5,category-5,1,subcategory-1
689019,Product-689019,18.24,5.26,brand-5,1,active,4,category-4,3,subcategory-3
285813,Product-285813,4.49,4.21,brand-11,1,active,4,category-4,4,subcategory-4
711463,Product-711463,19.10,20.43,brand-20,1,active,2,category-2,2,subcategory-2
800064,Product-800064,10.24,30.70,brand-6,1,active,5,category-5,5,subcategory-5
515586,Product-515586,5.21,38.48,brand-9,1,active,2,category-2,1,subcategory-1
965118,Product-965118,6.13,19.56,brand-2,1,active,5,category-5,5,subcategory-5
278621,Product-278621,0.04,96.35,brand-18,1,active,1,category-1,5,subcategory-5
699709,Product-699709,1.70,19.09,brand-20,1,active,1,category-1,5,subcategory-5
114229,Product-114229,19.40,91.28,brand-15,1,active,1,category-1,2,subcategory-2
456173,Product-456173,10.15,41.98,brand-3,1,active,2,category-2,3,subcategory-3
529619,Product-529619,11.21,74.53,brand-12,1,active,4,category-4,3,subcategory-3
712849,Product-712849,9.90,63.84,brand-20,1,active,4,category-4,1,subcategory-1
168172,Product-168172,13.89,82.85,brand-18,1,active,5,category-5,3,subcategory-3
56825,Product-56825,0.66,10.79,brand-9,1,active,4,category-4,3,subcategory-3
195341,Product-195341,10.25,3.00,brand-7,1,active,1,category-1,2,subcategory-2
222984,Product-222984,0.05,86.30,brand-6,1,active,1,category-1,4,subcategory-4
564488,Product-564488,10.13,12.51,brand-3,1,active,5,category-5,5,subcategory-5
648476,Product-648476,12.28,6.05,brand-2,1,active,5,category-5,4,subcategory-4
686879,Product-686879,18.95,80.91,brand-1,1,active,5,category-5,4,subcategory-4
351447,Product-351447,3.83,68.96,brand-3,1,active,5,category-5,1,subcategory-1
420010,Product-420010,0.87,8.05,brand-5,1,active,2,category-2,1,subcategory-1
801720,Product-801720,13.81,86.45,brand-8,1,active,4,category-4,5,subcategory-5
507331,Product-507331,11.67,25.68,brand-7,1,active,2,category-2,1,subcategory-1
559987,Product-559987,6.33,16.42,brand-8,1,active,5,category-5,5,subcategory-5
990993,Product-990993,8.73,69.35,brand-20,1,active,3,category-3,2,subcategory-2
539739,Product-539739,8.77,84.82,brand-11,1,active,1,category-1,2,subcategory-2
962312,Product-962312,11.13,5.57,brand-15,1,active,5,category-5,2,subcategory-2
952000,Product-952000,17.75,59.71,brand-13,1,active,2,category-2,5,subcategory-5
1047536,Product-1047536,14.18,24.02,brand-6,1,active,2,category-2,5,subcategory-5
888871,Product-888871,8.40,56.45,brand-6,1,active,2,category-2,4,subcategory-4
166184,Product-166184,8.15,6.39,brand-13,1,active,2,category-2,4,subcategory-4
995197,Product-995197,16.41,34.97,brand-12,1,active,1,category-1,4,subcategory-4
508763,Product-508763,4.50,10.08,brand-9,1,active,3,category-3,1,subcategory-1
150664,Product-150664,19.28,59.29,brand-9,1,active,2,category-2,3,subcategory-3
116470,Product-116470,13.85,84.14,brand-13,1,active,1,category-1,4,subcategory-4
749689,Product-749689,16.67,6.94,brand-16,1,active,2,category-2,5,subcategory-5
240412,Product-240412,15.67,61.57,brand-6,1,active,1,category-1,3,subcategory-3
231361,Product-231361,11.49,82.53,brand-19,1,active,4,category-4,2,subcategory-2
487738,Product-487738,11.24,1.05,brand-16,1,active,1,category-1,1,subcategory-1
642280,Product-642280,5.91,35.84,brand-17,1,active,2,category-2,4,subcategory-4
83432,Product-83432,4.25,76.73,brand-7,1,active,1,category-1,4,subcategory-4
232999,Product-232999,10.62,39.64,brand-11,1,active,3,category-3,3,subcategory-3
87215,Product-87215,13.04,51.21,brand-1,1,active,2,category-2,2,subcategory-2
516201,Product-516201,1.71,32.78,brand-3,1,active,4,category-4,5,subcategory-5
211281,Product-211281,2.74,29.06,brand-3,1,active,4,category-4,2,subcategory-2
945043,Product-945043,6.86,88.54,brand-6,1,active,1,category-1,3,subcategory-3
548833,Product-548833,18.41,14.03,brand-5,1,active,3,category-3,2,subcategory-2
700485,Product-700485,19.99,0.55,brand-18,1,active,4,category-4,2,subcategory-2
400240,Product-400240,15.82,96.90,brand-17,1,active,1,category-1,3,subcategory-3
240897,Product-240897,1.93,53.12,brand-9,1,active,4,category-4,1,subcategory-1
124081,Product-124081,9.69,63.38,brand-16,1,active,5,category-5,5,subcategory-5
622193,Product-622193,1.98,98.35,brand-4,1,active,5,category-5,3,subcategory-3
345256,Product-345256,8.39,78.87,brand-5,1,active,4,category-4,5,subcategory-5
241264,Product-241264,1.02,22.09,brand-3,1,active,5,category-5,1,subcategory-1
629210,Product-629210,16.67,47.56,brand-19,1,active,3,category-3,2,subcategory-2
192660,Product-192660,8.02,60.23,brand-12,1,active,1,category-1,5,subcategory-5
104120,Product-104120,4.22,44.38,brand-18,1,active,4,category-4,5,subcategory-5
507788,Product-507788,2.26,89.54,brand-17,1,active,3,category-3,3,subcategory-3
381761,Product-381761,19.45,93.57,brand-4,1,active,3,category-3,2,subcategory-2
990587,Product-990587,4.72,19.71,brand-16,1,active,5,category-5,4,subcategory-4
279374,Product-279374,1.12,50.40,brand-6,1,active,4,category-4,4,subcategory-4
884090,Product-884090,6.32,95.60,brand-4,1,active,3,category-3,4,subcategory-4
674050,Product-674050,18.79,86.97,brand-18,1,active,2,category-2,3,subcategory-3
1083564,Product-1083564,8.89,72.81,brand-12,1,active,4,category-4,4,subcategory-4
295705,Product-295705,7.93,38.60,brand-2,1,active,1,category-1,2,subcategory-2
870163,Product-870163,18.24,96.06,brand-3,1,active,4,category-4,4,subcategory-4
528974,Product-528974,16.13,75.35,brand-14,1,active,1,category-1,5,subcategory-5
993502,Product-993502,17.27,98.75,brand-20,1,active,3,category-3,2,subcategory-2
727825,Product-727825,10.62,84.44,brand-5,1,active,1,category-1,5,subcategory-5
381438,Product-381438,6.88,37.45,brand-16,1,active,4,category-4,4,subcategory-4
23721,Product-23721,10.73,6.44,brand-5,1,active,4,category-4,5,subcategory-5
888848,Product-888848,10.04,46.72,brand-20,1,active,1,category-1,2,subcategory-2
687346,Product-687346,11.18,15.81,brand-13,1,active,2,category-2,4,subcategory-4
388781,Product-388781,9.74,27.38,brand-11,1,active,5,category-5,4,subcategory-4
524096,Product-524096,14.11,5.64,brand-11,1,active,4,category-4,3,subcategory-3
680591,Product-680591,17.98,93.63,brand-4,1,active,5,category-5,3,subcategory-3
216645,Product-216645,14.14,61.43,brand-7,1,active,2,category-2,3,subcategory-3
945646,Product-945646,0.40,93.16,brand-1,1,active,4,category-4,3,subcategory-3
672241,Product-672241,5.66,22.41,brand-19,1,active,4,category-4,5,subcategory-5
166783,Product-166783,8.42,71.33,brand-12,1,active,4,category-4,1,subcategory-1
122114,Product-122114,5.70,68.54,brand-18,1,active,2,category-2,3,subcategory-3
1005949,Product-1005949,3.73,4.79,brand-13,1,active,5,category-5,2,subcategory-2
1048806,Product-1048806,3.91,42.21,brand-4,1,active,1,category-1,1,subcategory-1
93844,Product-93844,7.82,83.34,brand-9,1,active,2,category-2,1,subcategory-1
49746,Product-49746,16.31,62.98,brand-12,1,active,1,category-1,5,subcategory-5
585869,Product-585869,9.86,12.49,brand-18,1,active,5,category-5,4,subcategory-4
366386,Product-366386,1.31,88.62,brand-7,1,active,2,category-2,1,subcategory-1
112415,Product-112415,8.12,94.60,brand-20,1,active,3,category-3,2,subcategory-2
250765,Product-250765,18.33,85.49,brand-7,1,active,5,category-5,2,subcategory-2
266000,Product-266000,13.42,73.77,brand-9,1,active,4,category-4,4,subcategory-4
789291,Product-789291,15.84,49.64,brand-19,1,active,4,category-4,2,subcategory-2
581262,Product-581262,14.91,73.46,brand-13,1,active,5,category-5,3,subcategory-3
326423,Product-326423,0.57,95.94,brand-2,1,active,2,category-2,5,subcategory-5
229792,Product-229792,12.16,24.24,brand-9,1,active,1,category-1,4,subcategory-4
919940,Product-919940,14.85,76.90,brand-7,1,active,4,category-4,3,subcategory-3
540818,Product-540818,7.75,18.46,brand-9,1,active,5,category-5,4,subcategory-4
947059,Product-947059,12.38,23.10,brand-13,1,active,3,category-3,1,subcategory-1
1012577,Product-1012577,2.41,91.99,brand-16,1,active,1,category-1,1,subcategory-1
475585,Product-475585,12.24,6.54,brand-12,1,active,3,category-3,3,subcategory-3
1067150,Product-1067150,8.98,0.22,brand-19,1,active,1,category-1,1,subcategory-1
661224,Product-661224,0.55,12.98,brand-8,1,active,5,category-5,2,subcategory-2
884845,Product-884845,10.25,95.74,brand-9,1,active,5,category-5,3,subcategory-3
924506,Product-924506,5.25,36.53,brand-7,1,active,1,category-1,3,subcategory-3
679655,Product-679655,18.26,70.04,brand-16,1,active,3,category-3,2,subcategory-2
470743,Product-470743,9.67,53.42,brand-10,1,active,4,category-4,3,subcategory-3
318701,Product-318701,16.55,28.91,brand-16,1,active,4,category-4,3,subcategory-3
476021,Product-476021,0.12,97.67,brand-4,1,active,3,category-3,3,subcategory-3
116703,Product-116703,14.91,6.62,brand-16,1,active,4,category-4,5,subcategory-5
603630,Product-603630,18.24,83.61,brand-6,1,active,4,category-4,1,subcategory-1
839366,Product-839366,16.32,56.48,brand-18,1,active,3,category-3,4,subcategory-4
461227,Product-461227,6.82,2.24,brand-15,1,active,2,category-2,3,subcategory-3
575277,Product-575277,7.93,71.03,brand-14,1,active,1,category-1,4,subcategory-4
188964,Product-188964,18.33,81.04,brand-5,1,active,1,category-1,1,subcategory-1
844618,Product-844618,3.53,2.98,brand-6,1,active,2,category-2,5,subcategory-5
367410,Product-367410,12.11,22.80,brand-16,1,active,1,category-1,4,subcategory-4
688094,Product-688094,14.54,77.27,brand-12,1,active,4,category-4,1,subcategory-1
77414,Product-77414,16.01,0.44,brand-12,1,active,1,category-1,2,subcategory-2
884527,Product-884527,5.65,27.60,brand-20,1,active,3,category-3,3,subcategory-3
542007,Product-542007,19.85,21.74,brand-3,1,active,5,category-5,3,subcategory-3
948291,Product-948291,19.78,48.83,brand-3,1,active,1,category-1,1,subcategory-1
949076,Product-949076,1.29,29.41,brand-16,1,active,5,category-5,2,subcategory-2
332190,Product-332190,2.15,8.26,brand-11,1,active,1,category-1,3,subcategory-3
530121,Product-530121,14.70,20.16,brand-16,1,active,4,category-4,2,subcategory-2
620553,Product-620553,9.80,40.68,brand-16,1,active,2,category-2,2,subcategory-2
1070903,Product-1070903,10.10,90.64,brand-3,1,active,5,category-5,1,subcategory-1
317279,Product-317279,6.22,34.49,brand-7,1,active,3,category-3,5,subcategory-5
487927,Product-487927,17.40,87.76,brand-8,1,active,3,category-3,2,subcategory-2
277631,Product-277631,17.13,51.90,brand-9,1,active,1,category-1,3,subcategory-3
136439,Product-136439,9.16,27.12,brand-5,1,active,4,category-4,3,subcategory-3
669077,Product-669077,14.25,31.44,brand-12,1,active,1,category-1,1,subcategory-1
242307,Product-242307,8.33,94.16,brand-4,1,active,5,category-5,4,subcategory-4
909475,Product-909475,5.76,86.37,brand-13,1,active,2,category-2,2,subcategory-2
755639,Product-755639,0.63,29.98,brand-10,1,active,4,category-4,1,subcategory-1
135273,Product-135273,7.00,50.38,brand-10,1,active,4,category-4,2,subcategory-2
689598,Product-689598,18.86,17.36,brand-13,1,active,1,category-1,2,subcategory-2
695417,Product-695417,7.66,89.35,brand-1,1,active,4,category-4,2,subcategory-2
314204,Product-314204,6.07,68.81,brand-7,1,active,3,category-3,4,subcategory-4
240006,Product-240006,19.01,74.69,brand-4,1,active,1,category-1,2,subcategory-2
206992,Product-206992,3.06,17.78,brand-3,1,active,4,category-4,2,subcategory-2
199159,Product-199159,10.39,62.53,brand-12,1,active,1,category-1,4,subcategory-4
633903,Product-633903,10.74,53.93,brand-5,1,active,1,category-1,1,subcategory-1
924921,Product-924921,18.45,79.82,brand-16,1,active,5,category-5,1,subcategory-1
768272,Product-768272,13.91,16.89,brand-20,1,active,2,category-2,3,subcategory-3
308871,Product-308871,9.04,41.08,brand-15,1,active,2,category-2,4,subcategory-4
1036331,Product-1036331,10.07,97.80,brand-11,1,active,3,category-3,3,subcategory-3
1006899,Product-1006899,13.19,64.00,brand-18,1,active,1,category-1,2,subcategory-2
730958,Product-730958,10.89,34.53,brand-13,1,active,3,category-3,5,subcategory-5
930353,Product-930353,5.82,87.33,brand-6,1,active,4,category-4,5,subcategory-5
952312,Product-952312,5.85,9.03,brand-14,1,active,1,category-1,3,subcategory-3
585386,Product-585386,17.26,26.58,brand-2,1,active,1,category-1,5,subcategory-5
138468,Product-138468,14.48,11.29,brand-12,1,active,5,category-5,4,subcategory-4
391953,Product-391953,19.43,9.98,brand-5,1,active,4,category-4,5,subcategory-5
607575,Product-607575,11.94,49.81,brand-6,1,active,2,category-2,2,subcategory-2
393245,Product-393245,3.97,17.31,brand-7,1,active,3,category-3,4,subcategory-4
885014,Product-885014,8.05,21.44,brand-6,1,active,1,category-1,2,subcategory-2
663528,Product-663528,16.48,14.20,brand-9,1,active,1,category-1,5,subcategory-5
1006802,Product-1006802,13.01,9.26,brand-2,1,active,2,category-2,4,subcategory-4
918904,Product-918904,6.63,63.91,brand-5,1,active,2,category-2,5,subcategory-5
518671,Product-518671,3.39,75.21,brand-7,1,active,4,category-4,1,subcategory-1
643210,Product-643210,7.21,99.43,brand-13,1,active,1,category-1,2,subcategory-2
672681,Product-672681,1.96,43.65,brand-16,1,active,4,category-4,1,subcategory-1
1067744,Product-1067744,15.87,24.52,brand-13,1,active,4,category-4,2,subcategory-2
207098,Product-207098,15.50,33.42,brand-10,1,active,3,category-3,3,subcategory-3
858726,Product-858726,9.34,65.32,brand-10,1,active,4,category-4,1,subcategory-1
116401,Product-116401,10.62,15.47,brand-13,1,active,1,category-1,1,subcategory-1
326421,Product-326421,1.65,35.93,brand-19,1,active,3,category-3,5,subcategory-5
940865,Product-940865,7.69,0.08,brand-10,1,active,1,category-1,2,subcategory-2
545772,Product-545772,18.50,44.83,brand-6,1,active,2,category-2,5,subcategory-5
538416,Product-538416,18.03,50.66,brand-15,1,active,2,category-2,3,subcategory-3
479225,Product-479225,16.99,22.87,brand-11,1,active,3,category-3,1,subcategory-1
918877,Product-918877,11.20,93.98,brand-8,1,active,2,category-2,3,subcategory-3
251048,Product-251048,1.44,73.42,brand-5,1,active,2,category-2,1,subcategory-1
124105,Product-124105,12.53,9.78,brand-11,1,active,3,category-3,5,subcategory-5
500073,Product-500073,3.84,26.31,brand-9,1,active,5,category-5,2,subcategory-2
125017,Product-125017,2.24,54.41,brand-11,1,active,2,category-2,1,subcategory-1
139334,Product-139334,10.94,39.18,brand-9,1,active,3,category-3,5,subcategory-5
991205,Product-991205,14.64,12.17,brand-1,1,active,5,category-5,3,subcategory-3
584340,Product-584340,10.07,22.93,brand-17,1,active,4,category-4,2,subcategory-2
224619,Product-224619,17.00,75.32,brand-19,1,active,5,category-5,4,subcategory-4
192351,Product-192351,8.86,68.97,brand-3,1,active,5,category-5,5,subcategory-5
463313,Product-463313,0.72,58.11,brand-18,1,active,3,category-3,1,subcategory-1
401561,Product-401561,3.78,83.52,brand-1,1,active,4,category-4,4,subcategory-4
905400,Product-905400,19.72,66.18,brand-13,1,active,5,category-5,4,subcategory-4
219802,Product-219802,18.42,58.34,brand-12,1,active,2,category-2,4,subcategory-4
118378,Product-118378,3.42,55.54,brand-1,1,active,4,category-4,1,subcategory-1
475524,Product-475524,2.88,73.68,brand-14,1,active,3,category-3,5,subcategory-5
315687,Product-315687,11.52,6.36,brand-18,1,active,5,category-5,4,subcategory-4
665810,Product-665810,11.50,22.54,brand-13,1,active,5,category-5,4,subcategory-4
231193,Product-231193,4.01,39.47,brand-11,1,active,3,category-3,1,subcategory-1
728530,Product-728530,14.43,32.53,brand-17,1,active,5,category-5,4,subcategory-4
850189,Product-850189,10.53,19.75,brand-18,1,active,5,category-5,5,subcategory-5
294775,Product-294775,1.43,36.75,brand-6,1,active,1,category-1,5,subcategory-5
326842,Product-326842,1.06,32.99,brand-13,1,active,1,category-1,2,subcategory-2
48396,Product-48396,5.15,49.17,brand-10,1,active,2,category-2,5,subcategory-5
996963,Product-996963,3.21,72.01,brand-17,1,active,4,category-4,2,subcategory-2
90345,Product-90345,18.15,63.15,brand-5,1,active,4,category-4,4,subcategory-4
269538,Product-269538,8.13,64.44,brand-17,1,active,1,category-1,1,subcategory-1
813730,Product-813730,17.35,22.91,brand-9,1,active,2,category-2,3,subcategory-3
330853,Product-330853,2.55,16.30,brand-15,1,active,3,category-3,5,subcategory-5
587480,Product-587480,8.15,13.40,brand-2,1,active,4,category-4,2,subcategory-2
945326,Product-945326,18.77,11.69,brand-5,1,active,2,category-2,2,subcategory-2
74067,Product-74067,13.29,66.84,brand-16,1,active,5,category-5,3,subcategory-3
301579,Product-301579,13.89,74.04,brand-19,1,active,2,category-2,5,subcategory-5
375957,Product-375957,5.66,80.64,brand-2,1,active,5,category-5,2,subcategory-2
878513,Product-878513,4.06,65.41,brand-16,1,active,3,category-3,1,subcategory-1
781610,Product-781610,15.28,97.25,brand-19,1,active,4,category-4,2,subcategory-2
272345,Product-272345,18.05,32.67,brand-18,1,active,4,category-4,4,subcategory-4
444448,Product-444448,16.38,80.06,brand-3,1,active,2,category-2,4,subcategory-4
72479,Product-72479,16.46,28.48,brand-9,1,active,5,category-5,4,subcategory-4
998220,Product-998220,9.52,20.05,brand-6,1,active,3,category-3,4,subcategory-4
690604,Product-690604,5.57,16.10,brand-13,1,active,1,category-1,1,subcategory-1
46361,Product-46361,11.22,89.22,brand-19,1,active,4,category-4,1,subcategory-1
872550,Product-872550,19.99,13.84,brand-19,1,active,1,category-1,1,subcategory-1
41129,Product-41129,4.35,73.28,brand-7,1,active,3,category-3,2,subcategory-2
629536,Product-629536,11.81,74.12,brand-16,1,active,4,category-4,3,subcategory-3
102341,Product-102341,14.62,27.74,brand-20,1,active,3,category-3,2,subcategory-2
419790,Product-419790,19.18,88.64,brand-9,1,active,5,category-5,4,subcategory-4
499951,Product-499951,12.19,84.24,brand-8,1,active,4,category-4,1,subcategory-1
251746,Product-251746,3.20,74.08,brand-7,1,active,3,category-3,2,subcategory-2
860962,Product-860962,15.15,29.90,brand-4,1,active,4,category-4,1,subcategory-1
209835,Product-209835,16.06,88.19,brand-17,1,active,4,category-4,5,subcategory-5
875716,Product-875716,0.76,23.09,brand-9,1,active,3,category-3,3,subcategory-3
1019643,Product-1019643,4.25,70.53,brand-1,1,active,4,category-4,1,subcategory-1
287107,Product-287107,7.59,20.50,brand-13,1,active,4,category-4,4,subcategory-4
588162,Product-588162,12.14,9.10,brand-3,1,active,3,category-3,4,subcategory-4
397638,Product-397638,11.65,41.20,brand-14,1,active,1,category-1,4,subcategory-4
1054629,Product-1054629,1.46,60.68,brand-7,1,active,3,category-3,5,subcategory-5
884115,Product-884115,14.67,94.72,brand-9,1,active,1,category-1,4,subcategory-4
854211,Product-854211,4.69,51.79,brand-16,1,active,4,category-4,2,subcategory-2
475727,Product-475727,1.85,24.26,brand-1,1,active,1,category-1,5,subcategory-5
64446,Product-64446,6.82,34.29,brand-3,1,active,5,category-5,2,subcategory-2
871061,Product-871061,4.68,57.18,brand-16,1,active,4,category-4,1,subcategory-1
924819,Product-924819,12.55,87.84,brand-7,1,active,2,category-2,1,subcategory-1
156820,Product-156820,2.18,45.15,brand-17,1,active,5,category-5,4,subcategory-4
1005483,Product-1005483,8.92,78.28,brand-4,1,active,5,category-5,1,subcategory-1
694506,Product-694506,18.76,53.46,brand-10,1,active,2,category-2,2,subcategory-2
112907,Product-112907,5.31,56.44,brand-8,1,active,3,category-3,5,subcategory-5
344017,Product-344017,1.64,33.03,brand-17,1,active,3,category-3,1,subcategory-1
912860,Product-912860,10.73,12.27,brand-7,1,active,2,category-2,2,subcategory-2
340286,Product-340286,14.70,84.49,brand-5,1,active,2,category-2,2,subcategory-2
725611,Product-725611,10.36,55.54,brand-13,1,active,2,category-2,2,subcategory-2
391118,Product-391118,4.63,66.03,brand-17,1,active,1,category-1,4,subcategory-4
737955,Product-737955,19.96,97.68,brand-11,1,active,2,category-2,4,subcategory-4
536153,Product-536153,8.53,86.82,brand-2,1,active,4,category-4,1,subcategory-1
457455,Product-457455,1.49,34.37,brand-16,1,active,2,category-2,4,subcategory-4
290269,Product-290269,14.75,69.99,brand-19,1,active,5,category-5,3,subcategory-3
780236,Product-780236,17.01,35.66,brand-15,1,active,1,category-1,5,subcategory-5
851560,Product-851560,9.44,4.36,brand-13,1,active,2,category-2,4,subcategory-4
318385,Product-318385,9.16,44.07,brand-11,1,active,1,category-1,1,subcategory-1
678670,Product-678670,7.64,32.87,brand-8,1,active,3,category-3,3,subcategory-3
677142,Product-677142,6.59,80.18,brand-12,1,active,2,category-2,3,subcategory-3
687259,Product-687259,19.20,32.49,brand-13,1,active,1,category-1,3,subcategory-3
87900,Product-87900,0.50,28.46,brand-15,1,active,4,category-4,5,subcategory-5
1005967,Product-1005967,12.78,68.13,brand-3,1,active,4,category-4,5,subcategory-5
164015,Product-164015,2.19,68.85,brand-5,1,active,4,category-4,3,subcategory-3
180041,Product-180041,5.64,63.65,brand-14,1,active,4,category-4,5,subcategory-5
124828,Product-124828,15.03,52.40,brand-1,1,active,5,category-5,4,subcategory-4
785102,Product-785102,13.34,48.81,brand-16,1,active,1,category-1,4,subcategory-4
647762,Product-647762,18.48,68.24,brand-20,1,active,4,category-4,3,subcategory-3
630917,Product-630917,6.24,47.66,brand-2,1,active,1,category-1,2,subcategory-2
868096,Product-868096,2.10,60.73,brand-11,1,active,3,category-3,1,subcategory-1
332937,Product-332937,5.78,23.28,brand-20,1,active,5,category-5,5,subcategory-5
576304,Product-576304,2.03,28.42,brand-8,1,active,2,category-2,1,subcategory-1
75029,Product-75029,18.37,27.82,brand-6,1,active,4,category-4,4,subcategory-4
662058,Product-662058,14.67,84.00,brand-13,1,active,5,category-5,1,subcategory-1
98806,Product-98806,9.60,33.54,brand-16,1,active,4,category-4,3,subcategory-3
398909,Product-398909,3.08,70.14,brand-11,1,active,3,category-3,1,subcategory-1
264955,Product-264955,14.06,86.95,brand-20,1,active,5,category-5,3,subcategory-3
685823,Product-685823,11.95,66.95,brand-6,1,active,2,category-2,4,subcategory-4
642034,Product-642034,12.65,4.74,brand-12,1,active,4,category-4,2,subcategory-2
115501,Product-115501,8.33,83.94,brand-20,1,active,4,category-4,5,subcategory-5
855099,Product-855099,4.44,0.04,brand-2,1,active,1,category-1,5,subcategory-5
649376,Product-649376,13.76,58.79,brand-5,1,active,3,category-3,1,subcategory-1
592380,Product-592380,2.50,80.01,brand-2,1,active,1,category-1,5,subcategory-5
757246,Product-757246,12.37,72.09,brand-13,1,active,2,category-2,1,subcategory-1
245427,Product-245427,12.15,89.81,brand-4,1,active,5,category-5,2,subcategory-2
308520,Product-308520,1.78,98.74,brand-13,1,active,5,category-5,5,subcategory-5
924995,Product-924995,15.36,92.87,brand-11,1,active,1,category-1,5,subcategory-5
519574,Product-519574,18.33,90.22,brand-1,1,active,1,category-1,5,subcategory-5
611039,Product-611039,3.47,11.03,brand-12,1,active,1,category-1,3,subcategory-3
744609,Product-744609,10.55,53.57,brand-10,1,active,4,category-4,3,subcategory-3
330665,Product-330665,4.84,82.34,brand-10,1,active,2,category-2,2,subcategory-2
828731,Product-828731,10.83,13.64,brand-16,1,active,5,category-5,4,subcategory-4
840523,Product-840523,13.38,33.00,brand-19,1,active,1,category-1,2,subcategory-2
506093,Product-506093,2.29,24.46,brand-9,1,active,5,category-5,1,subcategory-1
583300,Product-583300,2.57,90.63,brand-17,1,active,2,category-2,1,subcategory-1
529422,Product-529422,6.07,68.74,brand-3,1,active,2,category-2,1,subcategory-1
674668,Product-674668,8.26,56.18,brand-6,1,active,4,category-4,3,subcategory-3
269026,Product-269026,5.32,61.27,brand-5,1,active,4,category-4,1,subcategory-1
695980,Product-695980,8.93,29.00,brand-7,1,active,4,category-4,1,subcategory-1
1084658,Product-1084658,13.67,4.75,brand-19,1,active,2,category-2,1,subcategory-1
951158,Product-951158,5.94,3.53,brand-7,1,active,3,category-3,2,subcategory-2
116812,Product-116812,10.90,62.24,brand-16,1,active,3,category-3,3,subcategory-3
793720,Product-793720,9.49,79.89,brand-3,1,active,2,category-2,3,subcategory-3
933643,Product-933643,10.03,70.74,brand-10,1,active,5,category-5,3,subcategory-3
691011,Product-691011,3.25,25.28,brand-17,1,active,1,category-1,2,subcategory-2
92451,Product-92451,9.89,43.38,brand-3,1,active,5,category-5,1,subcategory-1
448778,Product-448778,5.15,57.43,brand-7,1,active,2,category-2,5,subcategory-5
386038,Product-386038,0.78,91.71,brand-3,1,active,3,category-3,4,subcategory-4
526018,Product-526018,9.76,98.87,brand-18,1,active,4,category-4,3,subcategory-3
1018354,Product-1018354,12.28,1.51,brand-1,1,active,1,category-1,4,subcategory-4
515830,Product-515830,18.92,56.53,brand-16,1,active,4,category-4,3,subcategory-3
830831,Product-830831,1.15,48.26,brand-3,1,active,3,category-3,1,subcategory-1
489031,Product-489031,16.74,23.29,brand-7,1,active,1,category-1,2,subcategory-2
120049,Product-120049,7.72,83.70,brand-20,1,active,1,category-1,3,subcategory-3
510087,Product-510087,9.05,33.16,brand-10,1,active,2,category-2,5,subcategory-5
705599,Product-705599,17.41,28.01,brand-9,1,active,2,category-2,1,subcategory-1
575569,Product-575569,19.25,44.67,brand-19,1,active,2,category-2,1,subcategory-1
724277,Product-724277,9.18,36.46,brand-19,1,active,1,category-1,2,subcategory-2
611826,Product-611826,14.51,12.61,brand-9,1,active,2,category-2,2,subcategory-2
140526,Product-140526,7.57,17.39,brand-1,1,active,2,category-2,2,subcategory-2
402732,Product-402732,1.60,45.23,brand-13,1,active,2,category-2,1,subcategory-1
34354,Product-34354,3.90,89.80,brand-10,1,active,4,category-4,3,subcategory-3
764509,Product-764509,15.48,45.71,brand-18,1,active,2,category-2,1,subcategory-1
623126,Product-623126,15.46,72.22,brand-12,1,active,1,category-1,2,subcategory-2
608341,Product-608341,2.23,96.08,brand-11,1,active,3,category-3,3,subcategory-3
242881,Product-242881,11.82,76.26,brand-19,1,active,2,category-2,5,subcategory-5
905242,Product-905242,16.40,41.95,brand-1,1,active,2,category-2,4,subcategory-4
251563,Product-251563,14.12,99.42,brand-5,1,active,1,category-1,3,subcategory-3
953470,Product-953470,14.11,28.07,brand-13,1,active,1,category-1,3,subcategory-3
1045401,Product-1045401,5.65,60.76,brand-5,1,active,2,category-2,3,subcategory-3
798350,Product-798350,3.56,13.95,brand-2,1,active,5,category-5,1,subcategory-1
802135,Product-802135,19.74,4.77,brand-18,1,active,2,category-2,1,subcategory-1
285357,Product-285357,7.97,84.26,brand-2,1,active,5,category-5,2,subcategory-2
1040869,Product-1040869,2.91,79.44,brand-7,1,active,5,category-5,5,subcategory-5
154899,Product-154899,16.65,16.86,brand-9,1,active,4,category-4,1,subcategory-1
688400,Product-688400,13.01,15.40,brand-1,1,active,2,category-2,2,subcategory-2
79748,Product-79748,15.57,55.53,brand-8,1,active,5,category-5,2,subcategory-2
582987,Product-582987,10.22,56.50,brand-3,1,active,3,category-3,2,subcategory-2
105743,Product-105743,4.04,80.16,brand-13,1,active,3,category-3,5,subcategory-5
588803,Product-588803,3.65,33.33,brand-17,1,active,4,category-4,3,subcategory-3
539131,Product-539131,7.52,2.68,brand-17,1,active,2,category-2,4,subcategory-4
772761,Product-772761,9.60,6.74,brand-18,1,active,4,category-4,3,subcategory-3
394339,Product-394339,19.93,19.29,brand-13,1,active,5,category-5,4,subcategory-4
152521,Product-152521,19.38,22.48,brand-13,1,active,3,category-3,1,subcategory-1
484548,Product-484548,3.32,40.58,brand-15,1,active,5,category-5,2,subcategory-2
625704,Product-625704,5.09,90.19,brand-10,1,active,2,category-2,3,subcategory-3
573539,Product-573539,15.46,80.39,brand-10,1,active,1,category-1,1,subcategory-1
119069,Product-119069,12.80,46.83,brand-14,1,active,3,category-3,5,subcategory-5
399912,Product-399912,16.49,19.91,brand-17,1,active,5,category-5,5,subcategory-5
738097,Product-738097,8.48,21.31,brand-16,1,active,2,category-2,5,subcategory-5
515534,Product-515534,11.82,55.71,brand-14,1,active,2,category-2,2,subcategory-2
845743,Product-845743,9.81,42.02,brand-15,1,active,3,category-3,4,subcategory-4
220034,Product-220034,18.46,62.56,brand-1,1,active,5,category-5,5,subcategory-5
957636,Product-957636,4.56,61.56,brand-11,1,active,2,category-2,2,subcategory-2
1029916,Product-1029916,7.52,17.70,brand-16,1,active,3,category-3,1,subcategory-1
717095,Product-717095,0.98,46.91,brand-3,1,active,4,category-4,4,subcategory-4
539839,Product-539839,0.42,40.56,brand-12,1,active,1,category-1,3,subcategory-3
465557,Product-465557,12.78,43.96,brand-18,1,active,5,category-5,1,subcategory-1
218863,Product-218863,11.12,20.23,brand-3,1,active,2,category-2,1,subcategory-1
109003,Product-109003,7.76,28.04,brand-5,1,active,2,category-2,3,subcategory-3
800889,Product-800889,19.19,1.81,brand-16,1,active,4,category-4,4,subcategory-4
568048,Product-568048,4.89,1.67,brand-13,1,active,4,category-4,2,subcategory-2
269814,Product-269814,14.47,5.77,brand-2,1,active,5,category-5,4,subcategory-4
637817,Product-637817,8.36,1.57,brand-3,1,active,1,category-1,1,subcategory-1
260366,Product-260366,8.88,43.12,brand-16,1,active,2,category-2,2,subcategory-2
388220,Product-388220,13.45,49.62,brand-11,1,active,2,category-2,4,subcategory-4
147664,Product-147664,16.67,87.85,brand-6,1,active,1,category-1,4,subcategory-4
871182,Product-871182,12.74,85.23,brand-6,1,active,4,category-4,1,subcategory-1
217562,Product-217562,16.92,18.86,brand-10,1,active,1,category-1,2,subcategory-2
823075,Product-823075,11.38,62.09,brand-2,1,active,1,category-1,2,subcategory-2
491753,Product-491753,18.49,94.88,brand-8,1,active,3,category-3,5,subcategory-5
117213,Product-117213,17.21,88.31,brand-5,1,active,3,category-3,1,subcategory-1
852778,Product-852778,1.09,45.60,brand-7,1,active,1,category-1,2,subcategory-2
339725,Product-339725,9.39,84.94,brand-9,1,active,2,category-2,4,subcategory-4
942944,Product-942944,4.40,16.87,brand-13,1,active,1,category-1,1,subcategory-1
112938,Product-112938,17.37,46.41,brand-19,1,active,3,category-3,3,subcategory-3
985540,Product-985540,7.21,42.88,brand-8,1,active,3,category-3,1,subcategory-1
953860,Product-953860,8.26,79.21,brand-6,1,active,1,category-1,3,subcategory-3
249175,Product-249175,9.92,0.09,brand-15,1,active,2,category-2,5,subcategory-5
479758,Product-479758,3.37,28.56,brand-7,1,active,3,category-3,2,subcategory-2
492902,Product-492902,4.70,86.35,brand-4,1,active,1,category-1,5,subcategory-5
668688,Product-668688,17.74,86.12,brand-17,1,active,5,category-5,1,subcategory-1
616627,Product-616627,13.54,58.23,brand-10,1,active,1,category-1,5,subcategory-5
575546,Product-575546,18.03,86.76,brand-14,1,active,5,category-5,2,subcategory-2
984757,Product-984757,19.07,64.70,brand-17,1,active,5,category-5,1,subcategory-1
500747,Product-500747,17.31,70.49,brand-3,1,active,3,category-3,5,subcategory-5
671330,Product-671330,10.27,15.86,brand-2,1,active,2,category-2,1,subcategory-1
836171,Product-836171,6.31,54.54,brand-12,1,active,5,category-5,5,subcategory-5
797793,Product-797793,3.92,94.17,brand-1,1,active,2,category-2,1,subcategory-1
266765,Product-266765,13.76,64.04,brand-14,1,active,3,category-3,2,subcategory-2
470802,Product-470802,0.77,80.53,brand-1,1,active,4,category-4,4,subcategory-4
1041463,Product-1041463,5.76,63.63,brand-13,1,active,2,category-2,2,subcategory-2
525375,Product-525375,12.76,52.03,brand-10,1,active,4,category-4,3,subcategory-3
510440,Product-510440,6.62,2.01,brand-15,1,active,1,category-1,5,subcategory-5
990083,Product-990083,5.07,85.32,brand-8,1,active,2,category-2,4,subcategory-4
334736,Product-334736,14.31,84.15,brand-1,1,active,5,category-5,1,subcategory-1
786593,Product-786593,1.58,66.84,brand-10,1,active,5,category-5,1,subcategory-1
489579,Product-489579,18.42,43.95,brand-1,1,active,3,category-3,4,subcategory-4
468265,Product-468265,18.91,16.75,brand-2,1,active,3,category-3,1,subcategory-1
952554,Product-952554,16.70,54.65,brand-11,1,active,5,category-5,5,subcategory-5
751161,Product-751161,14.54,45.82,brand-10,1,active,5,category-5,4,subcategory-4
553905,Product-553905,18.05,17.29,brand-10,1,active,4,category-4,2,subcategory-2
331004,Product-331004,14.09,74.18,brand-17,1,active,4,category-4,1,subcategory-1
914855,Product-914855,11.02,56.84,brand-3,1,active,5,category-5,3,subcategory-3
161247,Product-161247,15.17,73.24,brand-18,1,active,3,category-3,1,subcategory-1
428687,Product-428687,13.88,1.51,brand-5,1,active,2,category-2,1,subcategory-1
221286,Product-221286,19.69,79.01,brand-18,1,active,3,category-3,2,subcategory-2
288283,Product-288283,15.15,51.60,brand-9,1,active,3,category-3,4,subcategory-4
1007862,Product-1007862,10.58,98.20,brand-4,1,active,3,category-3,1,subcategory-1
165300,Product-165300,4.72,10.34,brand-19,1,active,2,category-2,2,subcategory-2
701744,Product-701744,16.44,75.65,brand-12,1,active,2,category-2,5,subcategory-5
126366,Product-126366,19.88,74.83,brand-7,1,active,2,category-2,1,subcategory-1
752212,Product-752212,10.29,49.85,brand-20,1,active,5,category-5,4,subcategory-4
715054,Product-715054,7.32,15.44,brand-8,1,active,1,category-1,4,subcategory-4
1064589,Product-1064589,14.26,11.85,brand-12,1,active,2,category-2,5,subcategory-5
910598,Product-910598,11.35,97.36,brand-15,1,active,4,category-4,4,subcategory-4
703917,Product-703917,3.81,74.05,brand-13,1,active,1,category-1,5,subcategory-5
37176,Product-37176,10.43,41.42,brand-2,1,active,5,category-5,3,subcategory-3
248300,Product-248300,7.21,31.62,brand-10,1,active,1,category-1,3,subcategory-3
930243,Product-930243,18.18,5.97,brand-13,1,active,5,category-5,4,subcategory-4
545294,Product-545294,18.83,58.18,brand-19,1,active,5,category-5,3,subcategory-3
526942,Product-526942,19.13,71.30,brand-20,1,active,2,category-2,1,subcategory-1
672413,Product-672413,5.84,83.99,brand-20,1,active,1,category-1,1,subcategory-1
475614,Product-475614,18.37,86.21,brand-14,1,active,1,category-1,5,subcategory-5
853927,Product-853927,14.54,39.70,brand-6,1,active,2,category-2,2,subcategory-2
942547,Product-942547,4.76,4.29,brand-13,1,active,4,category-4,2,subcategory-2
317714,Product-317714,10.31,37.25,brand-2,1,active,3,category-3,5,subcategory-5
798361,Product-798361,3.59,62.41,brand-2,1,active,4,category-4,5,subcategory-5
330570,Product-330570,4.03,50.69,brand-7,1,active,1,category-1,3,subcategory-3
409791,Product-409791,11.20,7.02,brand-6,1,active,5,category-5,3,subcategory-3
967842,Product-967842,1.17,47.42,brand-13,1,active,1,category-1,5,subcategory-5
642999,Product-642999,14.03,91.79,brand-1,1,active,3,category-3,4,subcategory-4
778120,Product-778120,8.00,90.72,brand-15,1,active,3,category-3,3,subcategory-3
698622,Product-698622,13.79,9.90,brand-13,1,active,5,category-5,2,subcategory-2
1030475,Product-1030475,18.24,34.72,brand-13,1,active,3,category-3,4,subcategory-4
525152,Product-525152,5.03,86.03,brand-2,1,active,5,category-5,3,subcategory-3
79342,Product-79342,3.76,51.40,brand-9,1,active,3,category-3,5,subcategory-5
698263,Product-698263,8.54,50.02,brand-9,1,active,3,category-3,4,subcategory-4
828775,Product-828775,3.50,86.29,brand-14,1,active,4,category-4,1,subcategory-1
748835,Product-748835,2.26,78.28,brand-13,1,active,3,category-3,3,subcategory-3
219855,Product-219855,9.80,5.54,brand-14,1,active,4,category-4,5,subcategory-5
459865,Product-459865,12.65,6.16,brand-12,1,active,5,category-5,1,subcategory-1
573049,Product-573049,15.28,6.87,brand-13,1,active,5,category-5,2,subcategory-2
957535,Product-957535,14.78,61.26,brand-3,1,active,3,category-3,2,subcategory-2
940440,Product-940440,7.33,60.90,brand-1,1,active,1,category-1,5,subcategory-5
805551,Product-805551,10.60,25.64,brand-1,1,active,2,category-2,4,subcategory-4
607634,Product-607634,4.99,85.89,brand-13,1,active,3,category-3,2,subcategory-2
390796,Product-390796,19.19,31.41,brand-11,1,active,5,category-5,5,subcategory-5
487515,Product-487515,12.00,26.44,brand-2,1,active,1,category-1,4,subcategory-4
339698,Product-339698,5.64,94.50,brand-18,1,active,3,category-3,2,subcategory-2
472903,Product-472903,13.33,63.77,brand-18,1,active,2,category-2,4,subcategory-4
250373,Product-250373,16.05,53.33,brand-19,1,active,3,category-3,3,subcategory-3
991431,Product-991431,12.03,21.36,brand-7,1,active,3,category-3,4,subcategory-4
674377,Product-674377,1.65,38.94,brand-18,1,active,4,category-4,1,subcategory-1
751465,Product-751465,15.92,59.40,brand-18,1,active,5,category-5,3,subcategory-3
98988,Product-98988,11.64,29.68,brand-10,1,active,4,category-4,4,subcategory-4
609474,Product-609474,12.94,77.06,brand-17,1,active,2,category-2,1,subcategory-1
455222,Product-455222,13.97,77.59,brand-3,1,active,5,category-5,1,subcategory-1
701926,Product-701926,5.61,29.81,brand-9,1,active,3,category-3,5,subcategory-5
113085,Product-113085,0.72,36.35,brand-6,1,active,5,category-5,4,subcategory-4
994793,Product-994793,5.65,35.73,brand-14,1,active,4,category-4,2,subcategory-2
200147,Product-200147,7.48,62.94,brand-4,1,active,5,category-5,3,subcategory-3
852337,Product-852337,10.50,29.50,brand-9,1,active,3,category-3,2,subcategory-2
632964,Product-632964,19.27,1.96,brand-11,1,active,1,category-1,3,subcategory-3
674000,Product-674000,12.87,13.88,brand-1,1,active,4,category-4,5,subcategory-5
999980,Product-999980,2.34,44.07,brand-8,1,active,5,category-5,3,subcategory-3
410393,Product-410393,12.70,87.97,brand-3,1,active,5,category-5,4,subcategory-4
761908,Product-761908,10.37,6.70,brand-1,1,active,3,category-3,2,subcategory-2
462054,Product-462054,13.57,46.61,brand-8,1,active,1,category-1,1,subcategory-1
632743,Product-632743,15.34,50.75,brand-14,1,active,1,category-1,1,subcategory-1
1023942,Product-1023942,12.24,79.88,brand-17,1,active,1,category-1,5,subcategory-5
841268,Product-841268,2.81,91.03,brand-7,1,active,3,category-3,3,subcategory-3
254988,Product-254988,11.37,18.88,brand-8,1,active,3,category-3,3,subcategory-3
294769,Product-294769,12.43,93.52,brand-13,1,active,5,category-5,5,subcategory-5
806839,Product-806839,16.81,75.86,brand-18,1,active,2,category-2,5,subcategory-5
438316,Product-438316,18.15,44.44,brand-20,1,active,2,category-2,2,subcategory-2
844963,Product-844963,9.15,81.68,brand-13,1,active,1,category-1,5,subcategory-5
545992,Product-545992,10.23,5.86,brand-16,1,active,2,category-2,1,subcategory-1
945371,Product-945371,17.29,82.50,brand-2,1,active,5,category-5,5,subcategory-5
607882,Product-607882,0.79,57.93,brand-14,1,active,5,category-5,5,subcategory-5
325508,Product-325508,6.49,13.30,brand-16,1,active,4,category-4,4,subcategory-4
497806,Product-497806,9.24,60.94,brand-13,1,active,4,category-4,1,subcategory-1
175764,Product-175764,7.49,63.39,brand-17,1,active,2,category-2,5,subcategory-5
200320,Product-200320,11.73,39.75,brand-16,1,active,4,category-4,2,subcategory-2
389962,Product-389962,16.41,77.97,brand-17,1,active,4,category-4,4,subcategory-4
888317,Product-888317,11.51,35.12,brand-4,1,active,1,category-1,1,subcategory-1
766319,Product-766319,12.18,87.11,brand-9,1,active,2,category-2,2,subcategory-2
780918,Product-780918,15.83,30.81,brand-17,1,active,5,category-5,2,subcategory-2
102816,Product-102816,13.79,22.21,brand-14,1,active,3,category-3,1,subcategory-1
430465,Product-430465,2.74,98.43,brand-9,1,active,3,category-3,5,subcategory-5
1031140,Product-1031140,11.58,46.28,brand-18,1,active,5,category-5,3,subcategory-3
148598,Product-148598,11.70,98.61,brand-15,1,active,5,category-5,2,subcategory-2
1057069,Product-1057069,19.62,94.62,brand-6,1,active,4,category-4,5,subcategory-5
223319,Product-223319,17.48,3.58,brand-20,1,active,2,category-2,1,subcategory-1
864642,Product-864642,3.26,4.19,brand-11,1,active,1,category-1,5,subcategory-5
361692,Product-361692,19.35,66.40,brand-5,1,active,5,category-5,4,subcategory-4
209997,Product-209997,9.33,59.98,brand-18,1,active,5,category-5,5,subcategory-5
864079,Product-864079,7.90,62.61,brand-8,1,active,1,category-1,2,subcategory-2
866383,Product-866383,9.27,78.47,brand-2,1,active,3,category-3,3,subcategory-3
380477,Product-380477,2.25,43.48,brand-6,1,active,2,category-2,4,subcategory-4
245758,Product-245758,12.63,99.89,brand-4,1,active,2,category-2,2,subcategory-2
357719,Product-357719,4.09,86.54,brand-1,1,active,5,category-5,5,subcategory-5
992059,Product-992059,0.90,75.55,brand-8,1,active,2,category-2,1,subcategory-1
746290,Product-746290,12.74,63.31,brand-18,1,active,4,category-4,1,subcategory-1
967595,Product-967595,3.30,96.53,brand-9,1,active,3,category-3,5,subcategory-5
1037740,Product-1037740,19.37,50.39,brand-2,1,active,1,category-1,3,subcategory-3
434079,Product-434079,14.62,81.00,brand-8,1,active,3,category-3,3,subcategory-3
977308,Product-977308,0.22,83.84,brand-10,1,active,1,category-1,1,subcategory-1
664514,Product-664514,17.55,60.04,brand-17,1,active,2,category-2,1,subcategory-1
123797,Product-123797,0.75,39.90,brand-4,1,active,4,category-4,5,subcategory-5
161867,Product-161867,12.86,10.81,brand-1,1,active,5,category-5,1,subcategory-1
316838,Product-316838,8.77,11.44,brand-14,1,active,4,category-4,4,subcategory-4
216626,Product-216626,2.93,71.30,brand-11,1,active,4,category-4,1,subcategory-1
705403,Product-705403,8.96,24.04,brand-14,1,active,5,category-5,3,subcategory-3
593359,Product-593359,19.58,11.28,brand-16,1,active,1,category-1,4,subcategory-4
72789,Product-72789,4.63,27.31,brand-6,1,active,1,category-1,2,subcategory-2
272408,Product-272408,19.24,43.28,brand-16,1,active,5,category-5,4,subcategory-4
227306,Product-227306,9.90,10.61,brand-8,1,active,1,category-1,2,subcategory-2
1029403,Product-1029403,12.54,89.76,brand-9,1,active,1,category-1,5,subcategory-5
704958,Product-704958,0.86,95.16,brand-15,1,active,2,category-2,4,subcategory-4
382748,Product-382748,6.69,93.06,brand-16,1,active,4,category-4,1,subcategory-1
255922,Product-255922,11.98,39.28,brand-8,1,active,5,category-5,3,subcategory-3
609559,Product-609559,7.69,93.14,brand-1,1,active,3,category-3,5,subcategory-5
784832,Product-784832,12.94,91.15,brand-17,1,active,2,category-2,3,subcategory-3
538394,Product-538394,8.12,3.96,brand-14,1,active,2,category-2,1,subcategory-1
101065,Product-101065,19.36,89.59,brand-20,1,active,3,category-3,2,subcategory-2
908570,Product-908570,19.38,52.15,brand-11,1,active,1,category-1,4,subcategory-4
886808,Product-886808,1.44,59.17,brand-15,1,active,5,category-5,1,subcategory-1
973228,Product-973228,6.78,98.56,brand-5,1,active,5,category-5,3,subcategory-3
314388,Product-314388,2.76,17.34,brand-16,1,active,1,category-1,5,subcategory-5
623868,Product-623868,8.05,27.62,brand-1,1,active,1,category-1,5,subcategory-5
760927,Product-760927,13.69,62.41,brand-3,1,active,5,category-5,2,subcategory-2
219708,Product-219708,13.18,63.08,brand-6,1,active,5,category-5,4,subcategory-4
491548,Product-491548,19.56,65.44,brand-8,1,active,4,category-4,3,subcategory-3
131747,Product-131747,17.17,80.04,brand-15,1,active,3,category-3,4,subcategory-4
707900,Product-707900,7.23,42.17,brand-5,1,active,3,category-3,4,subcategory-4
444836,Product-444836,18.21,71.64,brand-20,1,active,2,category-2,4,subcategory-4
453581,Product-453581,3.59,93.56,brand-9,1,active,4,category-4,1,subcategory-1
485887,Product-485887,14.45,49.75,brand-6,1,active,1,category-1,5,subcategory-5
724251,Product-724251,5.35,50.84,brand-17,1,active,2,category-2,1,subcategory-1
381085,Product-381085,16.72,26.44,brand-12,1,active,1,category-1,5,subcategory-5
802024,Product-802024,12.72,54.43,brand-2,1,active,3,category-3,2,subcategory-2
612619,Product-612619,13.05,41.82,brand-14,1,active,2,category-2,1,subcategory-1
934862,Product-934862,8.73,97.29,brand-10,1,active,5,category-5,4,subcategory-4
1018236,Product-1018236,2.18,49.09,brand-8,1,active,1,category-1,4,subcategory-4
747572,Product-747572,2.82,44.98,brand-2,1,active,4,category-4,3,subcategory-3
203328,Product-203328,5.59,60.35,brand-7,1,active,1,category-1,1,subcategory-1
161786,Product-161786,8.56,52.79,brand-15,1,active,1,category-1,1,subcategory-1
572974,Product-572974,8.52,41.35,brand-18,1,active,5,category-5,2,subcategory-2
299699,Product-299699,9.53,30.83,brand-18,1,active,4,category-4,5,subcategory-5
845612,Product-845612,18.56,28.45,brand-2,1,active,4,category-4,1,subcategory-1
947094,Product-947094,17.70,92.55,brand-11,1,active,3,category-3,2,subcategory-2
945963,Product-945963,14.29,66.37,brand-18,1,active,5,category-5,3,subcategory-3
795486,Product-795486,10.07,32.86,brand-13,1,active,5,category-5,3,subcategory-3
587889,Product-587889,8.41,92.43,brand-17,1,active,3,category-3,3,subcategory-3
1002941,Product-1002941,0.51,35.10,brand-16,1,active,3,category-3,3,subcategory-3
452225,Product-452225,8.06,94.20,brand-3,1,active,2,category-2,5,subcategory-5
228599,Product-228599,6.69,77.34,brand-2,1,active,1,category-1,1,subcategory-1
217793,Product-217793,5.69,19.62,brand-10,1,active,1,category-1,3,subcategory-3
191273,Product-191273,0.13,65.70,brand-1,1,active,3,category-3,1,subcategory-1
861428,Product-861428,10.71,6.03,brand-18,1,active,5,category-5,5,subcategory-5
1049864,Product-1049864,14.46,52.62,brand-16,1,active,3,category-3,4,subcategory-4
240546,Product-240546,1.53,40.08,brand-1,1,active,2,category-2,5,subcategory-5
467302,Product-467302,7.86,55.44,brand-5,1,active,1,category-1,2,subcategory-2
829409,Product-829409,15.04,64.05,brand-20,1,active,1,category-1,4,subcategory-4
455572,Product-455572,14.67,82.11,brand-17,1,active,5,category-5,5,subcategory-5
511714,Product-511714,1.18,98.29,brand-3,1,active,4,category-4,2,subcategory-2
226603,Product-226603,5.76,91.62,brand-17,1,active,3,category-3,2,subcategory-2
181963,Product-181963,17.79,46.30,brand-13,1,active,4,category-4,2,subcategory-2
928702,Product-928702,3.34,47.31,brand-13,1,active,3,category-3,1,subcategory-1
523179,Product-523179,14.36,50.19,brand-2,1,active,4,category-4,4,subcategory-4
1029312,Product-1029312,17.14,59.86,brand-12,1,active,5,category-5,2,subcategory-2
1039077,Product-1039077,15.99,76.71,brand-14,1,active,5,category-5,3,subcategory-3
954683,Product-954683,10.94,82.59,brand-7,1,active,3,category-3,4,subcategory-4
639545,Product-639545,13.39,3.48,brand-17,1,active,2,category-2,5,subcategory-5
287133,Product-287133,6.44,77.47,brand-19,1,active,2,category-2,2,subcategory-2
522924,Product-522924,5.15,52.71,brand-11,1,active,3,category-3,4,subcategory-4
541296,Product-541296,19.71,58.38,brand-14,1,active,3,category-3,2,subcategory-2
84722,Product-84722,9.79,61.88,brand-2,1,active,3,category-3,2,subcategory-2
582737,Product-582737,6.89,1.19,brand-9,1,active,3,category-3,3,subcategory-3
781408,Product-781408,9.14,57.33,brand-6,1,active,1,category-1,3,subcategory-3
538736,Product-538736,16.57,38.47,brand-9,1,active,1,category-1,5,subcategory-5
690859,Product-690859,13.36,24.75,brand-12,1,active,5,category-5,3,subcategory-3
632804,Product-632804,14.52,99.40,brand-8,1,active,5,category-5,5,subcategory-5
781122,Product-781122,10.09,71.71,brand-16,1,active,4,category-4,3,subcategory-3
854031,Product-854031,2.90,75.55,brand-20,1,active,2,category-2,1,subcategory-1
412186,Product-412186,3.80,51.42,brand-2,1,active,2,category-2,5,subcategory-5
925995,Product-925995,12.31,90.56,brand-7,1,active,2,category-2,2,subcategory-2
550577,Product-550577,16.98,66.48,brand-20,1,active,4,category-4,2,subcategory-2
364275,Product-364275,12.83,47.15,brand-10,1,active,2,category-2,3,subcategory-3
606403,Product-606403,18.92,6.19,brand-17,1,active,4,category-4,4,subcategory-4
136776,Product-136776,12.46,62.55,brand-5,1,active,2,category-2,3,subcategory-3
939190,Product-939190,10.27,27.28,brand-18,1,active,4,category-4,1,subcategory-1
982190,Product-982190,1.84,82.91,brand-5,1,active,2,category-2,1,subcategory-1
937092,Product-937092,1.94,73.23,brand-2,1,active,2,category-2,3,subcategory-3
958232,Product-958232,12.57,65.60,brand-3,1,active,3,category-3,3,subcategory-3
247078,Product-247078,13.48,24.35,brand-15,1,active,3,category-3,2,subcategory-2
403940,Product-403940,1.63,86.85,brand-2,1,active,3,category-3,4,subcategory-4
604095,Product-604095,0.91,51.86,brand-10,1,active,3,category-3,2,subcategory-2
641174,Product-641174,8.38,4.97,brand-20,1,active,4,category-4,1,subcategory-1
73356,Product-73356,13.65,10.74,brand-16,1,active,4,category-4,3,subcategory-3
236787,Product-236787,5.98,78.82,brand-19,1,active,1,category-1,1,subcategory-1
752280,Product-752280,9.70,43.76,brand-8,1,active,1,category-1,2,subcategory-2
279111,Product-279111,14.53,5.09,brand-19,1,active,4,category-4,4,subcategory-4
657298,Product-657298,3.39,90.56,brand-11,1,active,3,category-3,5,subcategory-5
267787,Product-267787,13.32,53.33,brand-10,1,active,1,category-1,1,subcategory-1
5889,Product-5889,0.56,75.30,brand-8,1,active,3,category-3,1,subcategory-1
630857,Product-630857,1.47,45.82,brand-5,1,active,5,category-5,4,subcategory-4
99546,Product-99546,6.92,67.12,brand-16,1,active,1,category-1,5,subcategory-5
500519,Product-500519,2.77,37.73,brand-7,1,active,1,category-1,4,subcategory-4
923732,Product-923732,14.14,86.56,brand-9,1,active,5,category-5,2,subcategory-2
734492,Product-734492,10.59,12.30,brand-16,1,active,3,category-3,1,subcategory-1
468575,Product-468575,17.53,85.86,brand-15,1,active,2,category-2,4,subcategory-4
464694,Product-464694,11.57,94.76,brand-5,1,active,3,category-3,2,subcategory-2
523991,Product-523991,18.13,82.71,brand-5,1,active,4,category-4,2,subcategory-2
352478,Product-352478,13.86,68.84,brand-1,1,active,5,category-5,5,subcategory-5
450484,Product-450484,1.39,59.13,brand-6,1,active,4,category-4,5,subcategory-5
841805,Product-841805,12.55,68.12,brand-20,1,active,5,category-5,4,subcategory-4
601310,Product-601310,16.11,22.51,brand-10,1,active,1,category-1,4,subcategory-4
276012,Product-276012,11.19,81.74,brand-6,1,active,1,category-1,5,subcategory-5
655557,Product-655557,7.92,21.76,brand-6,1,active,3,category-3,3,subcategory-3
812196,Product-812196,8.65,69.14,brand-4,1,active,2,category-2,4,subcategory-4
675603,Product-675603,4.43,85.84,brand-13,1,active,5,category-5,5,subcategory-5
598953,Product-598953,3.90,48.59,brand-13,1,active,5,category-5,2,subcategory-2
764895,Product-764895,4.97,51.69,brand-16,1,active,2,category-2,5,subcategory-5
79826,Product-79826,2.68,77.68,brand-11,1,active,3,category-3,2,subcategory-2
363937,Product-363937,3.69,41.07,brand-19,1,active,2,category-2,5,subcategory-5
949585,Product-949585,4.77,52.35,brand-20,1,active,1,category-1,5,subcategory-5
1010521,Product-1010521,5.85,11.07,brand-1,1,active,5,category-5,5,subcategory-5
852845,Product-852845,8.62,77.03,brand-4,1,active,1,category-1,3,subcategory-3
103518,Product-103518,8.59,20.93,brand-8,1,active,3,category-3,2,subcategory-2
574567,Product-574567,7.27,30.80,brand-5,1,active,5,category-5,3,subcategory-3
50374,Product-50374,9.87,91.69,brand-11,1,active,3,category-3,3,subcategory-3
196575,Product-196575,12.87,44.85,brand-5,1,active,3,category-3,1,subcategory-1
155893,Product-155893,9.18,86.96,brand-1,1,active,4,category-4,1,subcategory-1
433913,Product-433913,12.81,9.40,brand-8,1,active,3,category-3,5,subcategory-5
373891,Product-373891,11.71,90.39,brand-8,1,active,5,category-5,3,subcategory-3
215636,Product-215636,0.95,39.32,brand-18,1,active,2,category-2,4,subcategory-4
905789,Product-905789,0.44,48.66,brand-15,1,active,3,category-3,4,subcategory-4
600953,Product-600953,19.14,31.20,brand-14,1,active,4,category-4,5,subcategory-5
709916,Product-709916,6.92,96.69,brand-3,1,active,5,category-5,5,subcategory-5
307544,Product-307544,19.32,46.24,brand-9,1,active,2,category-2,5,subcategory-5
715760,Product-715760,2.17,5.15,brand-5,1,active,3,category-3,1,subcategory-1
87058,Product-87058,12.03,27.35,brand-4,1,active,1,category-1,3,subcategory-3
239066,Product-239066,15.01,75.30,brand-9,1,active,2,category-2,1,subcategory-1
904715,Product-904715,11.23,56.91,brand-2,1,active,1,category-1,1,subcategory-1
672421,Product-672421,3.71,39.74,brand-19,1,active,2,category-2,5,subcategory-5
886377,Product-886377,16.48,93.77,brand-14,1,active,3,category-3,3,subcategory-3
994750,Product-994750,16.78,52.68,brand-3,1,active,5,category-5,5,subcategory-5
337774,Product-337774,6.16,63.92,brand-4,1,active,3,category-3,5,subcategory-5
813690,Product-813690,5.82,7.08,brand-15,1,active,1,category-1,4,subcategory-4
265285,Product-265285,19.74,57.55,brand-5,1,active,4,category-4,1,subcategory-1
373161,Product-373161,1.83,90.35,brand-15,1,active,3,category-3,4,subcategory-4
830130,Product-830130,8.45,8.19,brand-14,1,active,4,category-4,4,subcategory-4
985033,Product-985033,19.11,83.91,brand-3,1,active,2,category-2,3,subcategory-3
329142,Product-329142,19.62,65.40,brand-19,1,active,5,category-5,3,subcategory-3
985428,Product-985428,3.82,27.28,brand-20,1,active,3,category-3,5,subcategory-5
1087413,Product-1087413,2.33,36.20,brand-15,1,active,3,category-3,2,subcategory-2
536441,Product-536441,19.10,71.65,brand-12,1,active,5,category-5,4,subcategory-4
645110,Product-645110,6.37,89.17,brand-2,1,active,3,category-3,3,subcategory-3
414906,Product-414906,15.16,25.02,brand-4,1,active,5,category-5,5,subcategory-5
584472,Product-584472,12.46,45.45,brand-12,1,active,3,category-3,5,subcategory-5
165314,Product-165314,19.43,24.33,brand-14,1,active,5,category-5,3,subcategory-3
394308,Product-394308,5.90,64.89,brand-14,1,active,3,category-3,4,subcategory-4
731168,Product-731168,2.98,73.03,brand-7,1,active,2,category-2,1,subcategory-1
317100,Product-317100,1.04,48.43,brand-14,1,active,3,category-3,3,subcategory-3
736435,Product-736435,6.52,21.50,brand-17,1,active,5,category-5,4,subcategory-4
253064,Product-253064,10.94,8.65,brand-2,1,active,4,category-4,4,subcategory-4
591346,Product-591346,11.09,74.29,brand-1,1,active,3,category-3,2,subcategory-2
694962,Product-694962,18.96,94.72,brand-5,1,active,5,category-5,5,subcategory-5
940550,Product-940550,14.39,81.88,brand-17,1,active,5,category-5,3,subcategory-3
140003,Product-140003,11.42,42.64,brand-18,1,active,4,category-4,3,subcategory-3
695399,Product-695399,14.07,48.21,brand-1,1,active,2,category-2,1,subcategory-1
421821,Product-421821,10.29,46.36,brand-4,1,active,2,category-2,3,subcategory-3
229862,Product-229862,8.90,2.73,brand-2,1,active,4,category-4,2,subcategory-2
629734,Product-629734,11.37,33.17,brand-3,1,active,1,category-1,2,subcategory-2
712459,Product-712459,12.50,67.20,brand-17,1,active,5,category-5,5,subcategory-5
473902,Product-473902,10.48,4.19,brand-8,1,active,5,category-5,1,subcategory-1
175765,Product-175765,1.51,85.76,brand-11,1,active,1,category-1,4,subcategory-4
385812,Product-385812,7.40,72.63,brand-10,1,active,5,category-5,3,subcategory-3
569266,Product-569266,14.53,64.97,brand-3,1,active,5,category-5,4,subcategory-4
484348,Product-484348,1.87,96.04,brand-19,1,active,2,category-2,1,subcategory-1
177660,Product-177660,8.14,34.42,brand-9,1,active,4,category-4,2,subcategory-2
195368,Product-195368,1.95,82.98,brand-18,1,active,1,category-1,3,subcategory-3
1022569,Product-1022569,0.43,69.49,brand-15,1,active,2,category-2,3,subcategory-3
120598,Product-120598,1.00,35.92,brand-10,1,active,2,category-2,3,subcategory-3
528466,Product-528466,18.69,89.60,brand-13,1,active,4,category-4,1,subcategory-1
761140,Product-761140,15.20,92.49,brand-10,1,active,5,category-5,4,subcategory-4
762620,Product-762620,18.06,9.00,brand-16,1,active,2,category-2,5,subcategory-5
258761,Product-258761,0.66,7.01,brand-1,1,active,1,category-1,4,subcategory-4
570116,Product-570116,2.25,39.68,brand-1,1,active,2,category-2,4,subcategory-4
552704,Product-552704,13.84,98.63,brand-8,1,active,1,category-1,1,subcategory-1
1073132,Product-1073132,12.17,84.72,brand-7,1,active,3,category-3,5,subcategory-5
857575,Product-857575,0.82,73.63,brand-12,1,active,5,category-5,5,subcategory-5
191428,Product-191428,0.38,38.89,brand-7,1,active,5,category-5,5,subcategory-5
209703,Product-209703,15.81,65.29,brand-13,1,active,5,category-5,1,subcategory-1
1017681,Product-1017681,17.45,6.61,brand-11,1,active,1,category-1,4,subcategory-4
712492,Product-712492,2.19,78.12,brand-15,1,active,5,category-5,1,subcategory-1
1021964,Product-1021964,3.18,63.49,brand-19,1,active,5,category-5,1,subcategory-1
59843,Product-59843,14.33,99.11,brand-7,1,active,4,category-4,2,subcategory-2
524385,Product-524385,13.86,3.64,brand-13,1,active,1,category-1,1,subcategory-1
315030,Product-315030,12.43,79.48,brand-7,1,active,4,category-4,5,subcategory-5
183960,Product-183960,2.50,18.12,brand-3,1,active,1,category-1,4,subcategory-4
940944,Product-940944,18.32,80.27,brand-4,1,active,2,category-2,5,subcategory-5
598592,Product-598592,3.93,73.51,brand-9,1,active,4,category-4,3,subcategory-3
971876,Product-971876,12.94,69.70,brand-18,1,active,1,category-1,2,subcategory-2
538069,Product-538069,9.74,76.64,brand-11,1,active,3,category-3,4,subcategory-4
1014815,Product-1014815,2.92,42.36,brand-20,1,active,4,category-4,3,subcategory-3
47324,Product-47324,5.83,53.36,brand-7,1,active,1,category-1,2,subcategory-2
295902,Product-295902,16.60,6.16,brand-12,1,active,1,category-1,2,subcategory-2
384417,Product-384417,1.45,4.83,brand-5,1,active,3,category-3,4,subcategory-4
333937,Product-333937,7.15,36.18,brand-19,1,active,1,category-1,2,subcategory-2
345717,Product-345717,3.98,12.78,brand-8,1,active,1,category-1,2,subcategory-2
780990,Product-780990,0.28,6.35,brand-10,1,active,2,category-2,3,subcategory-3
1054832,Product-1054832,19.35,2.34,brand-3,1,active,3,category-3,2,subcategory-2
339779,Product-339779,5.96,3.11,brand-13,1,active,4,category-4,4,subcategory-4
371815,Product-371815,1.70,27.60,brand-8,1,active,4,category-4,4,subcategory-4
721136,Product-721136,10.61,17.52,brand-2,1,active,4,category-4,1,subcategory-1
621870,Product-621870,17.37,57.85,brand-14,1,active,4,category-4,2,subcategory-2
988897,Product-988897,19.04,80.27,brand-12,1,active,2,category-2,4,subcategory-4
981266,Product-981266,15.79,20.77,brand-20,1,active,5,category-5,3,subcategory-3
250992,Product-250992,2.67,11.15,brand-17,1,active,1,category-1,4,subcategory-4
155203,Product-155203,10.61,85.72,brand-15,1,active,1,category-1,1,subcategory-1
1039422,Product-1039422,10.12,59.83,brand-17,1,active,3,category-3,5,subcategory-5
653263,Product-653263,6.06,31.30,brand-17,1,active,4,category-4,3,subcategory-3
1036589,Product-1036589,11.32,86.88,brand-18,1,active,1,category-1,2,subcategory-2
429039,Product-429039,19.86,36.61,brand-18,1,active,1,category-1,1,subcategory-1
995207,Product-995207,14.27,91.35,brand-2,1,active,4,category-4,4,subcategory-4
202436,Product-202436,2.44,53.59,brand-9,1,active,1,category-1,4,subcategory-4
814247,Product-814247,12.17,60.78,brand-18,1,active,5,category-5,1,subcategory-1
1044002,Product-1044002,3.68,8.84,brand-8,1,active,1,category-1,4,subcategory-4
105479,Product-105479,7.00,32.95,brand-5,1,active,2,category-2,3,subcategory-3
160229,Product-160229,16.69,40.86,brand-20,1,active,5,category-5,3,subcategory-3
620362,Product-620362,14.99,90.13,brand-3,1,active,5,category-5,3,subcategory-3
102789,Product-102789,2.17,41.55,brand-18,1,active,1,category-1,5,subcategory-5
563334,Product-563334,1.03,18.54,brand-1,1,active,5,category-5,1,subcategory-1
621412,Product-621412,7.42,66.47,brand-17,1,active,5,category-5,2,subcategory-2
742897,Product-742897,10.92,21.84,brand-20,1,active,5,category-5,5,subcategory-5
983577,Product-983577,14.34,47.93,brand-1,1,active,1,category-1,4,subcategory-4
1017940,Product-1017940,18.32,76.99,brand-19,1,active,2,category-2,2,subcategory-2
938591,Product-938591,8.04,30.42,brand-9,1,active,4,category-4,2,subcategory-2
272882,Product-272882,5.74,44.08,brand-20,1,active,1,category-1,1,subcategory-1
218565,Product-218565,15.83,85.79,brand-17,1,active,5,category-5,1,subcategory-1
467344,Product-467344,9.33,18.82,brand-14,1,active,4,category-4,4,subcategory-4
156272,Product-156272,15.54,92.31,brand-5,1,active,4,category-4,1,subcategory-1
723460,Product-723460,14.84,72.13,brand-20,1,active,5,category-5,5,subcategory-5
877412,Product-877412,6.98,31.45,brand-9,1,active,3,category-3,2,subcategory-2
299508,Product-299508,4.98,68.05,brand-8,1,active,3,category-3,3,subcategory-3
490474,Product-490474,4.12,53.43,brand-11,1,active,4,category-4,4,subcategory-4
1031199,Product-1031199,11.96,76.30,brand-20,1,active,3,category-3,5,subcategory-5
153113,Product-153113,2.11,83.24,brand-5,1,active,3,category-3,1,subcategory-1
996641,Product-996641,15.67,99.40,brand-4,1,active,5,category-5,2,subcategory-2
827242,Product-827242,10.99,90.70,brand-9,1,active,2,category-2,1,subcategory-1
90051,Product-90051,0.06,70.05,brand-3,1,active,1,category-1,4,subcategory-4
88473,Product-88473,13.88,59.63,brand-13,1,active,3,category-3,2,subcategory-2